id,tag,id_ubication,id_direction,id_department,user,id_device,id_brand,id_model,serie,ip,id_status,transferDate,observation
1,000032,14,6,28,,22,8,226,S/S,,1,,
2,000063,14,5,24,,22,25,147,BAUHR0HLUYG34J,,1,,
3,000129,14,1,28,,22,8,226,S/S,,1,,
4,000237,9,6,31,,21,55,84,S/S,,1,,
5,000250,14,10,46,Disponible,13,8,57,CN-OVO72N-6418093909ML,,1,,
6,000251,14,5,24,,22,8,242,CN-ODJ41571616-89S0JJV,,1,,
7,001559,9,4,16,,22,30,205,99V1FY8,,1,,
8,001574,13,7,37,,22,25,241,BEXJLOCUEDO27A,,1,,
9,001779,9,4,10,,23,21,84,S/S,,1,,
10,001966,3,6,27,,27,56,128,9621AY0BC659800184,,2,,
11,002344,14,6,30,,22,23,141,S/S,,1,,
12,002725,14,10,46,,26,2,17,IM944812M2OG,,1,,Relaciones Públicas
13,002727,14,4,12,,22,2,287,S/S,,6,2025-07-24,Relaciones Públicas - Victor Carrillo
14,002738,12,7,39,,13,32,63,101UXZJ0C421,,2,,
15,002771,14,1,1,Revisión,12,25,212,S/S,,1,,
16,002779,14,8,44,,12,25,212,CNU1232046,,1,,
17,002783,14,10,46,,12,25,212,CNU1253P1,,2,,
18,002814,9,11,49,,12,25,211,CNU9392H9T,,1,,
19,002908,9,11,49,,13,25,163,3CQ0150QJ4,,1,,
20,002923,14,5,21,,10,25,55,CN15R3P5ZX,,1,,
21,002929,9,7,40,,10,5,119,U62248K1J321232,,2,,
22,002930,13,7,37,,10,5,175,U62272J1855767,,1,,
23,002961,14,5,22,,22,25,204,BAUVTOBHHOW4IB,,1,,Informática PH
24,003011,14,10,46,,13,25,163,3CQ0150Q8J,,1,,
25,003109,14,8,42,,23,6,43,FCH1429BKG9,,1,,
26,003116,14,6,30,,23,6,43,FCH1429BK42,,1,,
27,003123,14,6,27,,23,6,43,FCH14229BKFV,,1,,
28,003134,14,6,30,,23,6,43,FCH1429BK7E,,1,,
29,003148,14,4,12,,23,6,43,FCH1429BL0L,,6,2025-07-24,
30,003153,14,6,30,,23,6,43,FCH1429BKAX,,1,,
31,003160,14,1,1,,23,6,43,FCH1429BKB1,,1,,
32,003164,14,4,8,,23,6,43,FCH1429BKVK,,1,,
33,003168,14,10,46,,23,6,43,FCH1429BKAY,,1,,
34,003176,9,4,13,,23,6,48,FCH122782PA,,5,,
35,003182,14,4,13,,23,6,43,FCH1429BKEQ,,1,,
36,003187,14,5,24,,23,6,43,FCH1429PK6Y,,1,,
37,003193,14,10,46,,23,6,43,FCH1429BK7Y,,1,,
38,003203,14,10,46,,12,54,231,7B389214Q,,2,,
39,003210,14,4,13,,23,6,43,FCH149BKHH,,1,,
40,003217,14,4,13,,23,6,43,FCH1429BKAS,,1,,
41,003221,14,4,12,,23,6,44,FCH1429BK8P,,5,,
42,003225,14,6,28,,23,6,43,FCH1429BK9H,,1,,
43,003233,14,6,27,,23,6,43,FCH142998UH,,1,,
44,003305,14,11,47,,23,6,43,FCH1429BKGT,,1,,
45,003309,14,9,45,,23,6,43,FCH11429BKFT,,1,,
46,003313,14,10,46,,23,6,43,FCH122790HM,,1,,
47,003320,14,11,47,,23,6,43,FCH1429BKA3,,1,,
48,003324,14,6,28,,23,6,43,FCH1429BK7J,,1,,
49,003328,14,5,23,,23,6,43,FCH1429BKHR,,1,,Planilla PH
50,003340,14,10,46,,13,2,19,W81450FZ6JL,,1,,
51,003348,14,13,55,,23,6,76,FCH14279TXY,,1,,
52,003359,14,8,44,,23,6,43,FCH1429BKFH,,1,,
53,003363,14,6,25,,23,6,48,FCH1227AXYA,,1,,
54,003373,14,1,1,,23,6,48,S/S,,1,,
55,003394,14,4,8,,23,6,76,FCH14279TZP,,1,,
56,003411,14,12,53,,23,6,48,FCH12278M5P,,1,,
57,003418,14,10,46,,23,6,76,FCH14259LPU,,1,,
58,003426,14,1,1,,23,6,76,FCH14279TQX,,1,,
59,003467,14,10,46,,10,25,55,S/S,,1,,
60,003468,14,4,8,,23,6,47,FCH14289M29,,1,,
61,003509,14,8,44,,22,8,242,CN-0DJ41571616-967-1126,,1,,
62,003602,14,12,53,,23,49,165,11BO831162,,1,,
63,003626,14,4,12,Disponible,25,8,189,4CS14609NS,,6,2025-07-24,Relaciones Públicas
64,003627,14,12,53,,22,25,204,S/S,,1,,
65,003664,14,10,46,,22,20,130,WE2692009341,,2,,
66,003689,14,10,46,,26,25,39,MXL22015MH,,2,,
67,003705,14,6,30,,25,25,190,4CS204001P,,1,,
68,003706,14,6,30,,22,25,204,BAUVT0BHHIWDHB,,1,,
69,003709,7,6,27,,25,25,190,4CS2010N36,,1,,
70,003711,14,6,27,,25,25,190,4CS2030H3J,,1,,Asesoría Legal
71,003717,9,4,15,,25,25,190,4CS2030HCR,,1,,
72,003718,9,4,15,,22,25,204,537924-161,,1,,
73,003719,14,1,1,Revisión,25,25,190,4CS2030HFX,,1,,
74,003721,5,6,27,,25,25,190,4CS220509FQ,,1,,
75,003723,14,6,27,,25,25,190,4CS2010N3C,,1,,
76,003725,1,6,27,,25,25,190,4CS2030H32,,1,,
77,003726,14,10,46,,22,25,204,BAUVTOBHH1WE1U,,1,,24 de dic.
78,003729,5,6,27,,25,25,190,4CS2030HDB,,1,,
79,003730,14,6,26,,22,25,204,539130161,,1,,
80,003731,5,6,27,,25,25,190,4CS2030GYV,,1,,
81,003737,14,6,27,,25,25,190,4CS2030HSH,,1,,
82,003739,9,4,11,,25,25,190,4CS204003J,,1,,
83,003740,1,6,27,,22,25,204,BAUVT0BHH1WDIH,,1,,
84,003742,4,6,27,,22,25,204,BUVT0BHH1WE9K,,1,,
85,003743,14,4,12,Disponible,25,25,190,4CS2010M61,,6,2025-07-24,Relaciones Públicas
86,003747,11,6,33,,25,25,190,4CS204003K,,1,,
87,003748,14,4,12,,22,25,204,BAUVT0BHH1WD5R,,6,2025-07-24,Relaciones Públicas
88,003749,6,6,27,,25,25,190,4CS2030HBK,,1,,
89,003762,14,12,53,,9,60,84,WMAZA9300239,,1,,
90,003903,9,11,49,,26,25,37,MXL21700WR,,1,,
91,003904,14,6,25,,22,25,147,BHUROMVB2D1TA,,1,,
92,003939,14,12,53,,23,6,43,FCH12278M5X,,1,,
93,003945,14,6,25,,23,6,43,FCH1429BKAD,,1,,
94,003951,14,10,46,,22,20,130,WE2692009517,,1,,
95,003952,14,10,46,Disponible,22,20,130,WE2692009460,,1,,Relaciones Públicas
96,003953,14,6,27,,22,20,130,WE2692009455,,1,,
97,003978,14,10,46,Disponible,22,20,130,WE2692009356,,1,,Relaciones Públicas
98,003979,14,6,28,,22,20,130,WE2692009351,,1,,
99,004018,14,6,26,,22,8,133,CN-0KHCC7-7161625MOQR8A00,,1,,
100,004105,14,4,12,,13,30,169,V1PYD14,,5,,Informática
101,004106,14,4,12,,26,30,262,PBGVE07,,5,,Informática
102,004107,12,4,18,,22,25,245,03500130,,1,,
103,004138,14,6,32,,23,6,43,FCH12299ZZH,,1,,
104,004142,14,6,32,,23,6,48,FCH12299M5V,,1,,
105,004150,14,6,32,,23,6,43,FCH12299M9J,,1,,
106,004157,14,6,32,,23,6,48,789-836-223-1124,,1,,
107,004169,14,6,28,,23,6,43,FCH12299M8A,,1,,
108,004190,14,6,28,,23,6,43,FCH1429BKYT,,1,,
109,004201,14,6,28,,23,6,48,FCH1227AY59,,1,,
110,004208,14,6,28,,23,6,43,FCH12299MBV,,1,,
111,004215,14,6,28,,23,6,43,FCH12299MG3,,1,,
112,004220,7,6,27,,22,25,148,BCZZN0BVB3U25H,,1,,
113,004222,14,6,27,,23,6,43,S/S,,1,,
114,004261,14,4,8,,23,6,43,FCH12299MCN,,1,,
115,004268,14,6,27,,23,6,48,FCH12299M9K,,1,,
116,004273,14,1,1,,23,6,48,FCH1227AY22,,1,,
117,004277,14,1,1,,23,6,48,FCH12227AY32,,1,,
118,004284,14,6,27,,23,6,43,FCH1229QM8P,,1,,
119,004295,14,6,27,,23,6,48,FCH12278M3Y,,1,,
120,004301,14,10,46,Lizdieth Aguilar,23,6,47,FCH14289M1P,,1,,
121,004308,14,8,42,,23,6,48,FCH1227AXYE,,1,,
122,004314,14,11,47,,23,6,48,FCH1227AY21,,1,,
123,004317,14,11,47,,11,19,84,S/S,,1,,
124,004334,14,6,26,,23,6,43,FCH12299M1Q,,1,,
125,004339,14,6,26,,23,6,43,FCH12299M1Q,,1,,
126,004354,14,11,47,,23,6,43,FCH12288ZHK,,1,,
127,004360,14,10,46,,23,6,43,FCH12288ZOG,,1,,
128,004397,9,7,37,,23,62,236,4102312070405210*,,1,,
129,004399,9,11,51,,23,62,235,S/S,,1,,
130,004402,9,6,31,,23,62,235,41022312040404122*,,1,,
131,004403,9,7,35,,23,62,235,4102312040404124*,,1,,
132,004407,9,4,15,,23,62,235,4102312040404120*,,1,,
133,004408,9,7,35,,23,62,235,4102312040404128*,,1,,
134,004409,9,4,16,,23,62,236,41022312040404129*,,1,,
135,004410,9,11,48,,23,62,235,4102312040404130*,,1,,
136,004411,9,7,40,,23,62,235,4102312070405670*,,1,,
137,004412,9,11,47,,23,62,235,4102312070405660*,,1,,
138,004416,9,7,35,,27,1,31,4B02312070405671,,1,,
139,004419,9,4,17,,23,62,235,4102312070405670*,,1,,
140,004421,7,6,27,,23,62,236,4102312070405510!,,1,,
141,004422,7,5,22,,23,62,236,4102312070405520*,,1,,
142,004423,9,4,15,,23,62,235,4102312070405520*,,1,,
143,004424,9,4,14,,23,62,235,S/S,,1,,
144,004426,9,7,35,,23,62,235,4102312070405518*,,1,,
145,004430,7,5,23,,23,62,236,41022312070405500!,,1,,
146,004431,9,4,12,,23,62,236,4102312070404855*,,1,,
147,004434,9,7,40,,23,62,235,4102312070404854*,,1,,
148,004437,9,4,18,,23,62,236,4102312070404840*,,1,,
149,004438,9,7,35,,23,62,235,4102312070404852*,,1,,
150,004499,9,4,15,,23,62,235,4102312070405225*,,1,,
151,004529,14,10,46,,25,25,40,MXL30216WG,,1,,Dir. Administrativa
152,004530,12,7,37,,22,25,148,BCZZN0BVB3R0HS,,1,,
153,004531,14,6,28,,25,25,40,MXL30216W7,,1,,
154,004534,9,4,17,,10,25,155,CNG9DB81YN,172.16.20.174,1,,
155,004555,9,12,54,,25,25,37,MXL2480LMJ,,1,,
156,004704,14,5,21,,23,6,43,FCH1429BKHE,,1,,
157,004741,14,2,5,,23,6,48,FCH12288YDF,,1,,
158,004745,14,2,5,,23,6,48,FCH122882E5,,1,,
159,004751,14,2,5,,23,6,48,FCH12299MSC,,1,,
160,004757,14,2,5,,23,6,48,FCH122790TC,,1,,
161,004773,14,11,47,,23,6,43,FCH1429BL07,,1,,
162,004783,14,9,45,,23,6,43,FCH12299LZ5,,1,,
163,004792,14,6,25,,23,6,43,FCH1429BKM1,,1,,
164,004799,14,5,24,,23,6,43,FCH122999LZV,,1,,
165,004812,14,9,45,,23,6,48,FCH12278LWU,,1,,
166,004861,14,11,47,,21,38,84,NW223NXT061105202366,,1,,
167,004870,12,7,39,,22,25,204,BAUVTOBHHY0P8,,1,,
168,004897,14,4,20,,23,6,46,0004F2E89417,,1,,
169,004898,14,1,1,,14,49,224,S/S,,1,,
170,004912,14,4,9,,23,6,43,FCH1429BKCH,,1,,
171,004914,14,1,2,,23,6,43,FCH1429BKAZ,,1,,
172,004919,7,6,27,,25,25,40,MXL309101B,,1,,
173,004922,9,4,10,,22,25,148,CT-OBZZNODVB3U292,,1,,
174,004923,14,12,53,,25,25,40,MXL30911BD,,1,2025-05-02,
175,004924,14,12,53,,22,25,148,BCZZN0BVB3U2AN,,1,,
176,004928,9,7,40,,22,25,148,BCZZN0BVB3U21E,,1,,
177,004929,14,6,27,,25,25,40,MXL30911BF,,1,,
178,004931,14,4,12,,25,25,40,MXL30911BL,,6,2025-07-24,Contabilidad
179,004932,14,6,30,,22,25,148,BCZZN0B3U2AA,,1,,
180,004934,14,8,44,,22,25,148,BCZZN0BVB3U25D,,1,,
181,004937,9,10,46,,25,25,40,MXL30911BH,,5,,Planilla
182,004939,14,4,12,,25,25,40,MXL309100V,,6,2025-07-24,Presupuesto - Lineth Quirós
183,004940,14,11,50,,22,25,148,BCZZNOBVB3U2WN,,1,,
184,004941,14,10,46,Rosa Chong,25,25,40,MXL3091N,,1,,
185,004943,14,8,44,,25,30,69,IS3414DJSMJ587NS,,1,,
186,004951,14,10,46,Orlando Sanjur,23,6,47,FCH14289SDB,,1,,
187,004989,1,6,27,,22,25,241,BEXJLOBCP532AT,,1,,
188,005103,14,6,28,,25,30,171,MJ02RN,,1,,
189,005127,15,11,47,,23,6,28,FCH14308N8C,,5,,
190,005134,14,4,12,,23,6,48,FCH12278M3Q,,6,2025-07-24,Descarte
191,005135,14,6,25,,23,6,48,FCH12278M46,,1,,
192,005138,14,5,24,,23,6,43,FCH1429BKTT,,1,,
193,005139,14,5,21,,23,6,43,FCH1429BKGA,,1,,
194,005140,14,13,55,,23,6,47,FCH14289L8Z,,1,,
195,005142,14,4,13,,23,6,43,FCH1429BKDR,,1,,
196,005143,14,1,1,,23,6,43,FCH142996Q,,1,,
197,005145,14,5,21,,23,6,43,FCH1429BKYZ,,1,,
198,005146,14,8,44,,23,6,43,FCH1429BK96,,1,,
199,005148,14,12,53,,23,6,43,FCH1429BK9V,,1,,
200,005149,14,4,13,,23,6,43,FCH1429BKEZ,,1,,
201,005159,14,8,42,,23,6,43,FCH12288ZB0,,1,,
202,005160,14,4,12,,23,6,46,0004F2E8947E,,6,2025-07-24,Descarte
203,005161,14,10,46,,21,6,33,S/S,,1,,
204,005162,14,10,46,,21,6,33,S/S,,1,,
205,005163,14,10,46,,20,6,273,S/S,,1,,
206,005164,14,10,46,,20,6,273,S/S,,1,,
207,005168,14,4,13,,19,6,2,FTX1539E7SU,,1,,
208,005171,14,4,8,,19,6,2,FTX1539E7SK,,1,,
209,005172,14,11,47,,6,6,2,S/S,,1,,
210,005174,14,8,42,,23,6,43,FCH1429BK8M,,1,,
211,005175,14,10,46,,3,56,29,S/S,,1,,
212,005195,14,1,1,,25,30,13,MJ102BR,,1,,
213,005196,14,1,1,,22,30,146,4309969,,1,,
214,005197,14,6,30,,25,30,171,3548C8SMJ1O2RM,,1,,
215,005198,14,6,30,,22,30,146,1S54Y94244310022E,,1,,
216,005199,14,6,30,,25,30,171,1S35548C8SMJ221WY,,1,,
217,005200,14,10,46,,22,30,245,696059,,1,,Contabilidad
218,005201,14,6,30,,25,30,171,1S3548C8SMJ22IVH,,1,,
219,005202,14,4,12,,22,30,246,696041,,6,2025-07-24,Contabilidad
220,005203,14,4,12,,25,30,171,3548C8S MJ102RN,,5,,
221,005204,1,6,27,,22,30,146,4309977,,1,2025-05-02,
222,005205,14,6,30,,25,30,171,3548CSMJ102RK,,1,,
223,005206,14,6,30,,22,30,146,1S54Y9424309837E,,1,,
224,005207,11,7,37,,25,30,171,3548C85MJ10RX,,1,,
225,005208,11,7,37,,22,30,146,54Y9424,,1,,
226,005209,9,7,39,,25,30,13,3548C8SMJ102RC,,1,,
227,005211,14,11,47,Flor Corbalán,25,30,171,3548C8SMJ102RP,,1,2025-08-13,Contabilidad - Marlo Bonilla
228,005213,14,6,30,,25,30,171,1S3548C8SMJ22IXP,,1,,
229,005540,9,11,48,,10,25,156,VND3J55012,,1,,
230,005557,14,10,46,,15,8,6,52093W1,,1,,
231,005591,14,10,46,,28,40,288,2LBXD020927,,5,2025-07-29,Informática
232,005597,9,4,16,,25,30,259,S/S,,1,,
233,005598,9,4,16,,22,30,245,S/S,,1,,
234,005637,9,4,10,,22,25,84,CT-BCXSTOACP3K7X1,,1,,
235,005642,14,2,5,,25,25,84,21113748721,,1,,
236,005644,1,6,27,,25,25,84,5CM23808F9,,1,,
237,005645,14,10,46,,22,25,84,S/S,,2,,
238,005646,9,7,35,,25,25,36,5CM2370M4X,,1,,La doña
239,005655,14,4,12,,22,25,204,BCYSTOAHH3FABU,,6,2025-07-24,Agencia La Doña
240,005656,14,10,46,,25,25,36,5CM2380B7X,,1,,Comercialización
241,005657,14,4,12,,22,25,204,BCYSTOAHH3FODO,,5,,
242,005659,14,12,53,,22,25,204,BCYST0AHH3F396,,1,,
243,005660,14,5,24,,25,25,36,5CM238082H,,1,,
244,005665,5,6,27,,22,25,241,BCYSTOACP4D94X,,1,,
245,005666,14,4,8,,25,25,36,5CN2370L91,,1,,
246,005668,14,6,32,Lineth Quirós,25,25,36,5CM2380B87,,1,2025-07-16,Relaciones Públicas
247,005669,14,12,53,,22,25,204,BCYST0AHH3F29I,,1,,
248,005670,14,10,46,,25,25,36,5CM2380B7D,,2,,
249,005673,9,6,31,,22,8,239,BCYST0ACP3K7X9,,1,,
250,005681,14,6,28,,25,30,13,MJ93LY5,,1,,
251,005682,14,6,28,,22,30,146,4498033,,1,,
252,005697,9,11,47,,25,25,41,MXL312F,,1,,
253,005698,9,11,47,,22,25,148,BCZZC0BVB4B3ND,,1,,
254,005699,9,4,15,,22,25,148,CT-BCZZNOBVB4B3P,,1,,
255,005700,9,4,15,,25,25,41,MXL3120F72,,1,,
256,005701,11,11,47,,25,25,41,S/S,,1,,
257,005708,14,5,24,,25,30,171,MJ15XKM,,1,,
258,005709,14,6,27,,22,30,245,4253305,,1,,
259,005710,9,6,31,,25,30,171,MJ17HLX,,1,,
260,005711,9,6,31,,22,30,245,4253306,,1,,
261,005714,13,11,48,,25,30,171,1S3548F4UMJI5XKG,,1,,
262,005716,12,11,48,,25,30,171,1S3548F4UMJ15XKF,,1,,
263,005717,14,10,46,,22,30,245,04253298,,1,,24 de dic.
264,005718,15,11,47,,25,30,171,1S3548F4UMJ15XKE,,1,,
265,005720,14,5,23,,25,30,13,MJ15XKD,,1,,Altamira
266,005743,14,5,24,,23,6,43,FCH1429BK97,,1,,
267,005744,14,2,5,,23,6,43,FCH142998V6,,1,,
268,005745,14,6,28,,23,6,43,FCH1429BKLQ,,1,,
269,005747,14,1,19,,23,6,45,FCH1427AWH8,,1,,
270,005748,14,1,19,,23,6,45,FCH1427AVA4,,1,,
271,005763,14,10,46,,26,8,194,76DNCZ1,,2,,24 de Dic. placa madre
272,005764,14,6,32,,13,8,64,CN-012MNY-64180-3AP-322L,,1,,Informática PH
273,005765,14,5,22,,22,8,133,CN-0C639N-71616-3A4-OYY7-A00,,1,,
274,005775,14,10,46,,23,6,48,FCH1227AY37,,1,,
275,005905,14,6,32,,27,17,185,221311301575,,1,,
276,005953,14,6,27,,23,6,43,FCH14299811,,1,,
277,005985,14,10,46,,12,2,16,C2VG8304DRJ7,,1,,Relaciones Públicas
278,005986,14,10,46,,22,30,151,03X8836,,2,,Servicios Técnicos
279,005987,12,7,39,,25,30,171,MJ00E7T4,,1,,
280,006042,14,8,44,,27,17,183,S/S,,1,,
281,006083,14,6,28,,23,6,43,FCH12288ZHJ,,1,,
282,006312,15,11,47,,21,6,34,FCQ155OX5NE,,5,,
283,006313,15,11,47,,27,1,31,3B1346X19971,,5,,
284,006319,14,6,25,,13,4,115,ET32E01398SL0,,1,,
285,006320,14,12,53,,13,4,115,ET32E013945LO,,1,,
286,006322,14,12,53,,13,4,115,ET32E013915L0,,1,,
287,006426,14,10,46,,12,8,127,8X6D432,,2,,
288,006449,14,1,2,,10,25,157,CNB6H2TGJ9,,5,,
289,006547,9,12,54,,22,28,144,KKS616150205,,1,,
290,006595,14,4,12,,27,1,31,4B1446 P27300,,5,,
291,006611,9,7,35,,10,45,251,T334Q300586,,1,,
292,006625,9,11,51,,10,45,251,T33Q301310,,1,,
293,006627,11,11,47,,10,45,251,T334Q301371,,1,,
294,006630,12,7,37,,10,45,251,T334Q301375,,2,,
295,006657,14,12,53,,25,2,126,C02NQCHAF8J2,,1,,
296,006658,14,4,12,,22,2,18,BCGA1314,,6,2025-07-24,Relaciones Públicas
297,006668,9,11,47,,22,8,133,CN-OC639N-71616-55P-1916-A00,,1,,
298,006689,14,8,44,,27,1,31,S/S,,1,,
299,006690,7,11,47,,27,1,31,S/S,,1,,
300,006691,14,5,23,,27,1,31,S/S,,2,,Altamira
301,006694,14,5,23,,27,1,31,S/S,,2,,Altamira
302,006695,14,5,23,,27,1,31,4B1511P3597,,2,,Altamira
303,006697,14,11,50,,27,1,31,4B1511P35314,,1,,
304,006703,9,4,18,,27,1,31,4B1511P36908,,2,,
305,006704,12,7,37,,27,1,31,4B1511P35269,,2,,
306,006705,14,10,46,,27,1,31,4B1511P35244,,2,,
307,006711,14,6,28,,27,1,31,4B1511P35318,,1,,
308,006713,14,8,42,,27,1,31,4B1511P35309,,1,,
309,006716,4,6,27,,27,1,31,4B1624P01631,,1,,
310,006722,14,5,21,,27,1,31,S/S,,1,,
311,006723,14,10,46,Lizdieth Aguilar,27,1,31,B3750G-LM,,1,,
312,006728,14,2,5,,27,1,31,BE750G-LM,,1,,
313,006732,9,7,40,,27,1,31,4B1511P35277,,1,,
314,006733,14,8,44,,27,1,31,4B1511P36919,,1,,
315,006737,9,7,35,,27,1,31,4B1511P35315,,1,,
316,006738,9,7,35,,27,1,31,4B15111P35313,,1,,
317,006745,14,4,13,,27,1,31,4B1511P36795,,1,,
318,006746,15,5,23,,27,1,31,4B1511P36810,,2,,
319,006749,9,4,12,,27,1,31,4B1511P36854,,1,,
320,006751,9,7,40,,27,1,31,4B1511P38467,,2,,
321,006753,14,4,12,,27,1,31,S/S,,6,2025-07-24,Dirección Administrativa
322,006761,9,7,37,,27,1,31,4B1511P36900,,1,,
323,006762,9,7,37,,27,1,31,4B1511P61172,,1,,
324,006763,14,6,26,,27,1,31,4B1511P36911,,1,,
325,006764,14,11,47,,27,1,31,41B1511P36840,,1,,
326,006765,14,6,25,,27,1,31,4B1511P39180,,1,,
327,006766,14,8,44,,27,1,31,4B1511P36784,,1,,
328,006767,14,6,32,,27,1,31,4B1511P39179,,1,,
329,006769,14,8,44,,27,1,31,4B1511P36799,,1,,
330,006779,12,7,37,,25,8,200,CN-TRPSW-74431-0835-A00,,1,,
331,006781,14,1,1,Revisión,25,8,200,95WTX52,,1,,
332,006782,14,6,26,,22,8,133,OC639N,,1,,
333,006783,9,4,14,,25,8,200,19937082278,,1,,
334,006784,9,4,14,,22,8,133,CN-0C639N-71616-55P1BC5-A00,,1,,
335,006785,14,5,22,,25,8,200,CN-OTRP8W-74431-55P1095-A00,,1,,Altamira
336,006786,13,5,23,,22,8,133,CN-OC639N-71616-55P-183J-A00,,1,,
337,006787,14,11,50,,25,8,200,95R2T52,,1,,
338,006788,14,11,47,,25,8,133,0C639N71616,,1,,
339,006791,14,11,47,,25,8,200,95R0V62,,1,,
340,006792,9,11,51,,22,8,133,CN-OC639N7161655P918-A00,,1,,
341,006793,14,5,23,,25,8,200,CN-OTRP8W-74431-559-1061-A00,,1,,Altamira
342,006794,7,5,23,,22,8,133,CN-0C639N-71616-55P-1BPM A00,,1,,
343,006795,7,11,47,,25,8,200,CN-OTRPEW-74431-55P-0109-A00,,1,,
344,006796,7,11,47,,22,8,133,CN-OC639N-71616-55P-183M-A00,,1,,
345,006798,12,1,4,,22,8,133,CN-OO639N-71616-55P-1CD9-A00,,1,,
346,006799,14,11,50,,25,8,200,95QVT52,,1,,
347,006801,14,8,44,,25,8,200,0ERP8W,,1,,
348,006803,14,8,42,,25,8,200,95PVT52,,1,,
349,006804,14,11,47,,22,8,133,0C639N71616,,1,,
350,006805,9,7,40,,25,8,200,CNOTRP8W7443155P0062A00,,1,,
351,006806,9,7,40,,22,8,133,CNOC6397161655P1CFKA00,,1,,
352,006807,9,7,40,,25,8,200,CNOTRP8W7443155P0757A00,,1,,
353,006808,9,7,40,,22,8,133,CNOC639N7161655P183NA00,,1,,
354,006809,14,6,28,,25,8,200,95YYT52,,1,,
355,006810,14,10,46,,22,8,243,0C639N,,1,,Tesorería
356,006811,14,11,47,,25,8,200,95S0V52,,1,,
357,006812,14,11,47,,22,8,133,55P-1CDA-A00,,1,,
358,006813,14,1,1,Revisión,25,8,200,95sZT52,,1,,
359,006816,14,5,21,,22,8,133,55P-17WX-A00,,1,,
360,006817,9,7,35,,25,8,200,CNOTRP8W7443155P0075A00,,1,,
361,006819,14,11,50,,25,8,200,95POVR2,,1,,
362,006820,14,6,28,,22,8,133,55P-1CD5-AA0,,1,,
363,006821,9,11,51,,25,8,200,CN-OTRP8W6443155P0725-A00,,1,,
364,006824,9,7,37,Argelis Núñez,22,8,133,CN-OC639N-71616-55P-1BPNA00,,1,2025-07-18,Informática - Carrasquilla
365,006825,14,1,1,Revisión,25,8,200,95XOV52,,1,,
366,006826,14,6,26,,22,8,133,55P-17XO-A00,,1,,
367,006827,14,5,23,,25,8,200,CN-OTRP8W-74431-55P-0355-A00,,1,,Altamira
368,006829,9,11,47,,25,8,200,CN-OTRP8W-74431-55P-1916-A00,,1,,
369,006830,9,11,47,,22,8,133,CN-OC639N-71616-55P-1916-A00,,1,,
370,006831,14,5,23,,25,8,200,CN-OTRP8W-7443155P-0076-A00,,1,,Altamira
371,006832,14,5,23,,22,8,133,CN-0C639N-7161655P-1915-A00,,1,,Altamira
372,006833,9,4,16,,25,8,200,S/S,,1,,
373,006834,14,5,22,,22,8,133,CN-0C639N-71616-55P-1CD8-A00,,1,,Altamira
374,006835,14,5,23,,25,8,200,CN-0TRP8W-74431-55N-0472-A00,,1,,Altamira
375,006836,14,5,23,,22,8,133,CN-OC639N-71616-55P-1CDE-A00,,1,,Altamira
376,006837,14,5,22,,25,8,200,S/S,,1,,Altamira
377,006839,9,7,35,,25,8,200,CNOTRPSW7443155P0813A00,,1,,Transporte
378,006840,9,7,35,,22,8,133,55P-1835-A00,,1,,Transporte
379,006841,14,4,8,,25,8,200,95SXT52,,1,,
380,006842,14,4,8,,22,8,133,55P-183RK-A00,,1,,
381,006843,9,7,35,,25,8,200,CNOTRP8W7443155P0713A00,,1,,
382,006844,9,7,35,,22,8,133,CN0C639N7161655P1AXVA00,,1,,
383,006849,12,7,38,,25,8,200,CN-OTRP8W-74431-55N-0282-A00,,1,,
384,006851,12,7,37,,25,8,200,CN-OTRP8W-74431-55P-0774-A00,,1,,
385,006852,12,7,37,,22,8,133,CN-OC639N-716716-55P-1APK-A00,,1,,
386,006853,12,7,37,,25,8,200,CN-OTRP8W-74431-55P-0740-A00,,1,,
387,006856,14,6,28,,22,8,133,0C639N,,1,,
388,006857,14,10,46,Lizdieth Aguilar,25,8,200,95Y0V52,,1,,
389,006858,14,10,46,Lizdieth Aguilar,22,8,133,CN-0C639N7161655P183PA00,,1,,
390,006859,9,7,37,,25,8,200,CN-OTRP8W-74431-55P-0074A00,,1,,
391,006861,9,7,35,,25,8,200,CNOTRP8W-74431-55P-0755-A00,,1,,
392,006862,14,6,27,,22,8,133,0C639N,,1,,
393,006866,9,6,31,,22,8,133,CN.OC639N71616P55-1BBZ-A00,,1,,
394,006867,9,11,47,,25,8,200,CN-OTRP8W-74431-55P-0082-A00,,1,,
395,006869,9,11,47,,25,8,200,CNOTRP8W744315591021A00,,1,,
396,006870,9,11,47,,22,8,133,CN0C639N7161655P183QA00,,1,,
397,006871,14,6,32,,25,8,200,95RWT52,,1,,
398,006872,14,6,32,,22,8,133,55P-17WV-A00,,1,,
399,006875,14,8,44,Elisa Centella,25,8,200,CN-OTRP8W-74431-55Q-0047-A00,,1,2025-07-24,24 de dic.
400,006876,14,11,47,,22,8,133,55P-183L-A00,,1,,
401,006879,14,6,28,,25,8,200,95XVT52,,1,,
402,006880,14,10,46,,22,8,133,0C639N,,1,,
403,006881,14,11,47,,25,8,200,95pyt52,,1,,
404,006883,9,7,39,,25,8,200,CNOTRP8W74431-55P-0533-A00,,1,,
405,006897,14,4,8,,22,8,133,CN-OC639-71616-55P,,1,,
406,006951,14,10,46,,13,8,226,CN-07RIK37444556N-298L,,1,,Servicios Técnicos
407,006953,14,8,42,,22,8,133,55P-196M-A00,,1,,
408,006954,14,8,44,,13,8,226,07R1R3-7444556N300L,,1,,
409,006955,14,8,44,,26,8,198,S/S,,1,,
410,006957,14,8,44,,13,8,226,07RIK3-74445-56N-310L,,1,,
411,006958,14,8,44,,26,8,198,S/S,,1,,
412,006959,14,8,44,,22,8,133,CN-OC639N-71616-55P,,1,,
413,006960,14,8,42,,13,8,226,CN-07R174445-307L,,1,,
414,006961,14,10,46,,26,8,198,1564V52,,2,,Planificación
415,006964,14,8,44,,26,8,198,1558V52,,1,,
416,006965,14,8,44,,22,8,133,55P-1BGF-A00,,1,,
417,006966,14,8,44,,13,8,226,CN-07R1K37444556N303L,,1,,
418,006967,14,8,44,,26,8,198,1559V52,,1,,
419,006969,14,8,44,,13,8,226,07R1K3-74445-56N-306L,,1,,
420,006972,14,8,44,,13,8,226,CN-07R1K37444556N311L,,1,,
421,006973,14,10,46,,26,8,198,1565V52,,1,,
422,006974,14,8,44,,22,8,133,0C639N,,1,,
423,006975,14,8,44,,13,8,198,07R1K3,,1,,
424,006976,14,8,42,,26,8,198,1562V52,,1,,
425,006977,14,8,42,,22,8,243,0C639N,,1,,
426,006979,14,8,44,,26,8,198,1566V52,,1,,
427,006982,14,10,46,,4,8,51,36M9K,,2,,
428,007000,14,10,46,Ricardo Vargas,4,8,51,CN-036M9K-25960,,1,,
429,007002,14,10,46,,4,8,51,CN-036M9K-25960,,1,,
430,007013,14,8,42,,12,8,159,5PDHZ32,,1,,
431,007018,14,10,46,,12,8,159,477HZ32,,5,2025-08-13,Flor Corbalán
432,007019,9,7,35,,12,8,159,D77HZ32,,1,,Informática PH
433,007311,14,5,21,,23,6,43,FCH1429BKET,,1,,
434,007412,14,4,12,,10,12,81,FCTY186345,,5,,
435,007475,14,10,46,,24,22,84,S/S,,2,,Cafetería
436,007629,5,6,27,,23,62,237,4123215102104433,,1,,
437,007632,9,7,35,,23,62,235,4123215102104430*,,1,,
438,007634,9,6,31,,23,62,235,41231215102103581*,,1,,
439,007639,1,6,27,,23,62,237,4123215102103580,,1,,
440,007643,9,11,49,,23,62,236,4B1624P01716,,1,,
441,007646,9,7,40,,23,62,235,4123215102101137*,,1,,
442,007686,14,6,27,,6,6,26,S/S,,1,,
443,007687,14,1,1,,6,6,25,S/S,,1,,
444,007688,14,8,42,,6,6,26,S/S,,1,,
445,007689,14,10,46,,6,6,26,FCW1848N67M,,1,,
446,007690,14,9,45,,6,6,26,S/S,,1,,
447,007692,14,10,46,,6,6,26,FCW1845J808,,1,,
448,007693,14,6,28,,6,6,26,S/S,,1,,
449,007704,14,11,47,,7,19,84,S/S,,1,,
450,007705,14,12,53,,20,19,84,S/S,,1,,
451,007940,14,12,53,,13,3,280,F5LMTF033942,,1,,
452,007941,14,10,46,,13,3,280,FL5MTF033948,,1,,
453,007942,14,10,46,,13,3,27,F5LMTO33929,,1,,
454,007943,14,6,28,,10,12,81,FCTY190239,,1,,
455,008013,14,10,46,,24,47,289,04QZ3CUH200016H,,1,,
456,008096,14,13,55,,24,47,1,S/S,,1,,
457,008133,9,7,35,,25,8,196,CN-OMK5DK-74431-63Q-1152-A00,,1,,
458,008135,9,4,14,,25,8,200,21403699598,,1,,
459,008137,9,7,39,,27,1,31,4B1511P71044,,1,,
460,008156,9,11,49,,22,26,253,W5034CPXJB88000106,,1,,
461,008319,14,10,46,,27,17,77,S/S,,1,,
462,008320,14,10,46,,27,17,78,S/S,,1,,
463,008321,14,10,46,,27,17,77,S/S,,1,,
464,008381,14,4,9,,24,32,84,S/S,,1,,
465,008390,9,11,47,,22,19,84,S/S,,1,,
466,008391,14,5,22,,25,8,195,CN-OGDHFD-74431-671-0241-A00,,1,,Altamira
467,008392,14,5,22,,22,8,135,CN-0F2JV2-71616-67T-1O00-A03,,1,,Altamira
468,008395,14,8,44,,25,8,196,FQ08B02,,1,,
469,008397,9,4,10,,25,8,200,S/S,,1,,
470,008398,12,7,38,,22,8,135,CN-OF2JV2-71616-67T-1N2W-A03,,1,,
471,008399,9,7,40,,25,8,196,CNOGDHFD744316710394A00,,1,,
472,008400,9,7,40,,22,8,187,CNOF2JV27161667T1IZ6A03,,1,,
473,008401,14,8,44,,25,8,196,0GDHFD,,1,,
474,008402,14,6,30,,22,8,132,0F2JV2,,1,,
475,008403,14,6,28,,25,8,196,FK08B02,,1,,
476,008405,14,5,21,,25,8,196,0GDHFD,,1,,
477,008407,14,4,12,,25,8,196,CN-OGDHFD-74431-67I-0375-A00,,5,,24 de diciembre
478,008409,5,6,27,,25,8,196,CN-OGDHFD-74431-67I-0285-A00,,1,,
479,008410,5,6,27,,22,8,136,CN-OF2JV2-71616-67T-1MZ7-A03,,1,,
480,008411,14,11,47,,25,8,196,9J08B02,,1,,
481,008412,14,11,47,,22,8,138,9J08B03,,1,,
482,008413,9,4,14,,25,8,84,S/S,,1,,
483,008414,9,4,10,,22,8,133,S/S,,1,,
484,008415,9,11,48,,25,8,195,CN-OGDHFD-74431-67K-0117-A00,,1,,
485,008416,9,11,48,,22,8,133,CN-OF2JV21761667T1MXPA03,,1,,
486,008417,5,6,27,,25,8,196,CN-OGDHFD-74431-67K-0007-A00,,1,,
487,008418,14,8,44,,22,8,138,67T-10LS-A03,,1,,
488,008419,9,11,47,,25,8,196,CNOGDHFD744316K0099A00,,1,,
489,008420,9,11,47,,22,19,84,S/S,,1,,
490,008425,14,6,27,,25,8,197,3P08B02,,1,,
491,008427,14,4,13,,25,8,196,JQ08B02,,1,,
492,008429,14,11,50,,25,8,196,9608B02,,1,,
493,008431,14,5,24,,25,8,196,0GDHFD,,1,,
494,008435,14,5,21,,25,8,196,G008B02,,1,,
495,008436,14,5,21,,22,8,139,67T-1K6C-A03,,1,,
496,008437,9,7,40,,25,8,196,CNOGDHFD7443167K0148A00,,1,,
497,008438,9,7,40,,22,8,186,CNOF2JV27161667T1KBRA03,,1,,
498,008442,14,6,30,Lesbia Caicedo,22,8,139,CN-OF2JV2-71616-67T-1KLD-A03,,1,2025-07-11,
499,008445,7,6,27,,25,8,195,CN-0GDHFD-74431671-0359-A00,,1,,
500,008447,14,5,22,,25,8,196,9J08B06,,1,,Altamira
501,008449,4,6,27,,25,8,196,CN-OGDHFD-74431-67I-0288-A00,,1,,
502,008451,14,13,55,,25,8,196,C608B02,,1,,
503,008452,14,6,27,,22,8,139,CN-0F2JV2-71616-67T-1NZE-A03,,1,,
504,008453,7,6,29,,25,8,196,5P08453,,1,,Aseoría Legal
505,008454,14,10,46,,22,8,139,CNOF2JV27161667TINZ,,1,,Asesoría Legal
506,008455,9,11,49,,25,8,196,CN-0GDHFD-74431-67K-0105-A00,,1,,
507,008456,9,11,49,,22,8,187,CN-OF2JV2-71616-67T-1K6A-A03,,1,,
508,008457,14,5,24,,25,8,196,2618B02,,1,,
509,008458,14,5,24,,22,8,139,0F2JV2,,1,,
510,008459,14,11,47,,25,8,196,JN08BO2,,1,,
511,008460,14,11,47,,22,8,139,67T-INNZZ-AO3,,1,,
512,008461,14,11,47,,25,8,196,CY08B02,,1,,
513,008465,9,6,31,,25,8,196,CN-0GDHFD-74431-671-0392-A03,,1,,
514,008466,9,6,31,,22,8,139,CN-OF2JV2-71616-67T-1NZY-A03,,1,,
515,008467,9,11,49,,25,8,196,CN-0GDHFD-74431-67K-0105-A00,,1,,
516,008468,9,11,49,,22,8,139,CN-OF2JV2-71616-67T-1NZE-A03,,1,,
517,008469,9,4,17,,25,8,196,CN0GDHFD7443167K0095A00,,1,,
518,008471,14,12,53,,25,8,196,G318B02,,1,,
519,008473,9,4,17,,25,8,196,CN0GDHFD7443167K0021A00,,1,,
520,008474,9,4,17,,22,8,139,CNOF2JV27161667T1NZFA03,,1,,
521,008475,9,11,52,,25,8,196,2177169842,,1,,
522,008476,9,11,52,,22,8,139,CN-0F2JV2-7161667T-1K5Y-A03,,1,,
523,008478,9,11,52,,22,8,139,CN-0F2JV2-7161667T-1K69-A03,,1,,
524,008479,14,11,47,,25,8,196,HY08B02,,1,,
525,008481,9,11,48,,25,8,196,CNOGDHFD7443167K0066A00,,1,,
526,008482,9,11,48,,22,8,133,CNOF2JV27161667T1KEWA01,,1,,
527,008483,9,4,16,,25,8,196,CN-0GDHFD-74431-67K-0003-A00,,1,,
528,008484,9,4,16,,22,8,139,CN-OF2JV2-71616-67T-1KW2-A03,,1,,
529,008485,14,11,50,,25,8,196,FJO8BO2,,1,,
530,008487,9,11,52,,25,8,196,17837909426,,1,,
531,008490,14,2,5,,12,8,160,16993979246,,1,,
532,008493,9,11,47,,12,8,160,S/S,,1,,
533,008494,14,6,26,Secondina Acuña,12,8,160,CH64ZB2,,1,,Oficina de informática
534,008498,14,4,12,,12,8,160,C63RYB2,,5,,
535,008499,14,5,21,,27,1,31,4B1624P01637,,1,,
536,008504,14,10,46,,4,8,50,CNOJCJWD2596067M40BKA02,,1,,
537,008510,14,4,12,,27,1,31,4B1623P31960,,6,2025-07-24,Secretaría general
538,008512,14,6,26,,27,1,31,4B1511P35473,,1,,
539,008514,15,5,23,,27,1,31,4B1624P01613,,2,,
540,008515,14,6,28,,27,1,31,4B1624P02071,,1,,
541,008518,14,8,42,,27,1,31,4B1623P31964,,1,,
542,008519,14,9,45,,27,1,31,4B164P01665,,1,,
543,008520,6,6,27,,27,1,31,4B1624P01667,,2,,
544,008523,9,4,17,,27,1,31,4B1624P01656,,1,,
545,008524,9,4,17,,27,1,31,4B1624P001619,,1,,
546,008527,9,11,51,,27,1,31,S/S,,1,,
547,008528,9,7,40,,27,1,31,4B1511P38467,,1,,
548,008529,9,4,12,,27,1,31,4B1624P01621,,1,,
549,008532,9,11,48,,27,1,31,4B1624P01627,,1,,
550,008534,14,11,50,,27,1,31,4B1624P01644,,1,,
551,008536,14,6,32,,27,1,31,4B1624P01638,,1,,
552,008537,14,4,8,,27,1,31,4B16224P01877,,1,,
553,008539,9,4,16,,27,1,31,4B1623P32651,,1,,
554,008540,9,11,49,,27,1,31,4B1623P32648,,1,,
555,008541,4,6,27,,27,1,31,4B1624P01652,,5,,
556,008542,9,7,35,,27,1,31,4B1624P01889,,1,,
557,008543,14,11,47,,27,1,31,S/S,,1,,
558,008544,14,11,47,,27,1,31,S/S,,1,,
559,008547,14,11,47,,27,1,31,4B1624P01680,,1,,
560,008549,14,8,44,,27,1,31,4B1624 P0116554,,1,,
561,008550,14,8,42,,27,1,31,4B1624P01636,,1,,
562,008552,14,6,26,,27,1,31,4B1511P36874,,1,,
563,008554,9,11,47,,27,1,31,S/S,,1,,
564,008560,9,7,40,,27,1,31,4B1624P01657,,1,,
565,008562,9,11,49,,27,1,31,4B162P01716,,1,,
566,008565,14,11,47,,27,1,31,S/S,,1,,
567,008566,14,10,46,,27,1,31,4B1624PO1620,,5,2025-07-29,Asesoría Legal - Leydi Chavez
568,008570,9,7,35,,10,31,179,59071116-35S5000-REV005-205077,,1,,
569,008571,9,4,10,,10,31,179,59071116-35S5000-REV005-205077,,2,,
570,008572,6,7,37,,10,31,179,70156PLM16C63,,2,,
571,008576,9,4,18,,10,31,179,590660116-35S5000-REV005-198686,,1,,
572,008577,4,6,27,,10,31,179,S/S,,1,,
573,008580,12,7,38,,10,31,179,7015PLM16C30,,1,,
574,008581,9,7,35,,10,31,179,70156PLM16C6B,172.16.20.226,1,,
575,008584,9,11,47,,10,31,179,5907111635REV5000205080,,2,,
576,008661,9,7,35,,27,1,31,4B1624P01855,,1,,
577,008951,14,10,46,,20,25,7,S/S,,1,,
578,008953,14,2,5,,10,45,176,G076PA00589,,2,,
579,008960,14,6,26,,27,1,30,4B1635PQ3111,,1,,
580,009062,14,4,12,,10,12,81,FCTY190239,,5,,
581,009097,14,11,50,,23,6,42,1710OSUI,,1,,
582,009098,14,4,8,,23,6,42,1711ODU5,,1,,
583,009100,14,11,50,,23,6,42,170915FY,,1,,
584,009101,14,4,8,,23,6,42,PUC17020OSZI,,1,,
585,009102,14,12,53,,23,6,42,PUC171019BG,,1,,
586,009103,14,6,32,,23,6,42,170119FG,,1,,
587,009104,14,12,53,,23,6,42,PUC171019F5,,1,,
588,009105,14,11,47,,23,6,42,1726OK80,,1,,
589,009106,14,11,50,,23,6,42,170806SE,,1,,
590,009108,14,13,55,,23,6,42,PUC16530MI3,,1,,
591,009109,14,11,47,,23,6,42,9J08B05,,1,,
592,009110,14,5,21,,23,6,42,1711062X,,1,,
593,009111,14,11,47,,23,6,42,17100TBP,,1,,
594,009112,14,11,47,,23,6,42,1709112,,1,,
595,009113,14,10,46,,23,6,43,PUC171018Q8,,1,,
596,009114,14,12,53,,23,6,42,PUC17041388,,1,,
597,009115,14,8,44,,23,6,42,PUC17220191,,1,,
598,009116,14,4,13,,23,6,42,PUC17080OG3,,1,,
599,009303,9,10,46,,12,25,209,5CD728BZVT,,1,,Informática PH
600,009325,9,6,31,,25,25,217,MXL728313Q,,1,,
601,009327,14,12,53,,25,25,217,MXL728311K,,1,,
602,009329,14,5,24,,25,25,217,MXL728311L,,1,,
603,009331,14,6,30,,25,25,217,MXL728311J,,1,,
604,009332,14,4,12,,22,1,30,BEXJL0BCP532AR,,6,2025-07-24,Agencia Las Cumbres
605,009333,14,6,27,,25,25,217,MXL728313R,,1,,
606,009334,14,12,53,,25,25,217,MXL728313C,,1,,
607,009335,14,6,27,,22,25,241,BEXJL0BCP5346D,,1,,
608,009336,14,12,53,,22,25,241,803823161,,1,,
609,009337,14,6,27,,25,25,217,MXL728312R,,1,,
610,009339,14,6,32,,22,25,241,BEXJL0BCP53432,,1,,
611,009340,14,6,28,,25,25,217,MXL7283134,,1,,
612,009341,14,6,28,,22,25,241,803833-161,,1,,
613,009342,14,6,25,,25,25,217,MXL728311R,,1,,
614,009343,14,5,24,,22,25,241,803823-161,,1,,
615,009344,14,11,47,,25,25,217,MXL728311W,,1,,
616,009345,14,11,47,,22,25,241,S/S,,1,,
617,009346,14,6,28,,25,25,217,MXL728311X,,1,,
618,009348,14,11,47,,25,25,217,MXL7283133,,1,,
619,009349,9,4,14,,22,25,241,BEXJL0BCP5336M,,1,,
620,009350,14,1,1,,25,25,217,MXL728311F,,1,,
621,009351,14,12,53,,22,25,241,803823-161,,1,,
622,009352,14,2,5,,25,25,217,MXL728312X,,1,,
623,009353,14,2,5,,22,25,241,BEXJL0BCP5336l,,1,,
624,009355,14,11,47,,22,25,241,803181-161,,1,,
625,009356,14,11,47,Katherine Guevara,25,25,217,MXL728313M,,1,2025-07-21,Auditoria Interna
626,009357,14,2,5,,22,25,241,BEXJL0BCP5336F,,1,,
627,009358,6,6,27,,25,25,217,MXL728313H,,1,,
628,009359,6,6,27,,22,25,241,BEXLOBCP533E,,1,,
629,009360,14,11,47,,25,25,217,MXL728312Q,,1,,
630,009361,14,11,47,,22,25,241,BEXJL0BCP5336J,,1,,
631,009364,14,6,32,,25,25,217,MXL728313B,,1,,
632,009365,14,6,32,,22,25,241,BEXJL0BCP53342,,1,,
633,009366,14,2,5,,25,25,217,MXL728311D,,1,,
634,009367,14,6,27,,22,25,241,BEXJL0BCP533C7,,1,,
635,009368,14,6,27,,25,25,217,MXL72838,,1,,
636,009369,14,12,53,,22,25,241,BEXJL0BCP5346L,,1,,
637,009371,11,6,33,,22,25,241,BEXJLOBCP3344,,1,,
638,009373,14,1,1,,22,25,241,803823161,,1,,
639,009375,9,7,35,,22,25,241,CT-BEXJL0BCP5336K,,1,,
640,009377,14,11,47,,22,25,241,803823-161,,1,,
641,009378,14,12,53,,25,25,217,MXL728312V,,1,,
642,009379,14,12,53,,22,25,241,803823-161,,1,,
643,009380,14,11,47,,22,25,84,803823161,,1,,
644,009381,14,11,47,,25,25,217,MXL728313K,,1,,
645,009382,14,6,27,,25,25,217,mxl7283112,,1,,
646,009383,14,2,5,,22,25,241,BEXJL0BCP532AU,,1,,
647,009385,13,5,24,,22,25,241,803823-161,,1,,Informática PH
648,009386,14,6,28,,25,25,217,MXL728312S,,1,,
649,009387,14,10,46,,22,25,241,803833-161,,1,,Tesorería
650,009388,14,10,46,Disponible,25,25,217,MXL728312Y,,1,2025-07-23,Recursos Humanos - Monica Herrera
651,009389,14,8,44,Angélica Cardenas,22,25,241,BEXJL0BCP53341,,1,2025-07-24,Recursos Humanos - Monica Herrera
652,009390,14,6,27,,25,25,217,MXL7283136,,1,,
653,009391,6,6,27,,22,25,241,BEXJLOBCP5334T,,1,,
654,009392,14,2,5,,25,25,217,MXL728312Z,,1,,
655,009393,14,6,27,,22,25,241,803823-161,,1,,
656,009394,14,6,28,,25,25,217,MXL728313L,,1,,
657,009395,14,6,28,,22,25,241,803833-161,,1,,
658,009396,14,4,12,,25,25,217,MXL728313F,,5,,
659,009397,14,5,24,,22,25,241,803823-161,,1,,
660,009398,14,6,32,,25,25,217,MXL728311Z,,1,,
661,009399,14,6,32,,22,25,241,BEXJL0BCP532AP,,1,,
662,009400,9,7,35,,25,25,217,MXL7283123,,1,,
663,009401,9,7,35,,22,25,241,CTBEXJL0BCP530VH,,1,,
664,009402,14,12,53,,25,25,217,MXL728312G,,1,,
665,009403,14,12,53,,22,25,241,803823-161,,1,,
666,009404,6,6,27,,25,25,217,MXL728313T,,1,,
667,009405,6,6,27,,22,25,241,BEXLOBCP531FY,,1,,
668,009406,14,6,25,,25,25,217,MXL72831V,,1,,
669,009408,14,5,22,,25,25,217,MXL728312N,,1,,Altamira
670,009411,14,11,47,Katherine Guevara,22,25,241,BEXJL0BCP530B,,1,2025-07-21,Informática
671,009412,12,1,4,,25,25,217,MLX728311Q,,1,,
672,009414,14,8,44,,25,25,217,MXL7283142,,1,,
673,009416,14,6,27,,25,25,217,MXL728312J,,1,,
674,009418,14,5,24,,25,25,217,MXL728311S,,1,,
675,009419,14,5,24,,22,25,241,803823-161,,1,,
676,009420,11,8,43,,25,25,217,MXL7283143,,1,,
677,009422,9,4,14,,25,25,217,MXL728313Y,,1,,
678,009423,9,4,10,,22,25,84,S/S,,1,,
679,009425,9,4,14,,22,25,241,BEXJLOBCP5334N,,1,,
680,009426,9,7,37,Argelis Núñez,25,25,217,MXL7283141,,1,2025-07-18,Informática - Carrasquilla
681,009427,2,6,27,,22,25,241,BEXJL0BCP5346R,,1,,Oficina de informática
682,009428,9,7,40,,25,25,217,MXL728313W,,1,,
683,009430,9,10,46,,25,25,217,MXL728313N,,1,,
684,009431,9,10,46,,22,25,241,CT-BEXJL0BCP53354,,1,,
685,009432,9,4,12,,25,25,217,MXL728313S,,1,,
686,009434,9,7,35,,25,25,217,MXL7283140,,1,,
687,009435,9,7,35,,22,25,241,CT-BEXJOBCP53450,,1,,
688,009436,9,7,35,,25,25,217,MXL7283139,,1,,
689,009437,9,4,10,,22,25,241,CT-BEYJLOBCP5346P,,1,,
690,009439,7,5,23,,22,25,241,BEXJL0BCP5346E,,1,,
691,009440,12,7,37,,25,25,217,MXL7282117,,1,,
692,009441,12,7,37,,22,25,241,BEXJLOBCP531GB,,1,,
693,009446,12,7,37,,22,8,243,CN-0CB39N-71616-55P-1BBY-A00,,1,,
694,009447,12,7,36,,22,25,241,BEXJ0BCP544Q7,,1,,
695,009448,9,12,54,,25,25,217,MXL7283128,,1,,
696,009449,9,4,10,,25,8,200,S/S,,1,,
697,009450,9,11,52,,25,25,217,MXL7283120,,1,,
698,009451,9,11,52,,22,25,241,CT-BEXJLOBCP544LV,,1,,
699,009452,9,4,10,,25,25,217,MXL728312K,,1,,
700,009453,9,7,35,,22,25,241,CT-BEXJL0BCP53470,,1,,
701,009454,13,11,47,,25,25,217,MXL7283137,,1,,
702,009455,13,11,47,,22,25,241,BEXJLOBCP5346T,,1,,Informática PH
703,009458,13,7,37,,25,25,220,MXL7283129,,1,,
704,009459,13,7,37,,22,25,241,BEXKL0BPC531FW,,2,,
705,009460,12,4,12,,25,25,217,MXL728311N,,1,,
706,009460,12,4,18,,25,25,217,MXL728311N,,1,,
707,009461,12,4,12,,22,25,241,BEXJLOCP531G6,,1,,
708,009462,7,6,27,,25,25,217,MXL728310Z,,1,,
709,009463,7,6,27,,22,25,241,BEXJL0BCP531G1,,1,,
710,009464,9,7,35,,25,25,217,MXL72831C,,1,,
711,009465,9,7,35,,22,25,241,S/S,,1,,
712,009466,14,11,47,,25,25,217,MXL7228312D,,1,,
713,009468,9,11,47,,25,25,217,MXL728311P,,1,,
714,009469,9,11,47,,22,25,84,CTBEXJL0BCP531G0,,1,,
715,009470,14,5,24,,25,25,217,MXL728313D,,1,,
716,009471,15,7,37,,22,25,241,BEXLOBCP5346K,,1,,
717,009472,5,6,27,,25,25,217,MXL728312W,,1,,
718,009473,9,4,12,,22,25,241,CT-BEXJLOBCP53471,,1,,
719,009474,14,11,47,Gloria González,25,25,217,MXL728313V,,1,,
720,009475,13,11,47,,22,25,241,803833-161,,1,,Informática PH
721,009476,14,5,21,,25,25,217,MXL728313T,,1,,
722,009477,14,5,21,,22,25,241,BEXJL0BCP5346J,,1,,
723,009481,7,6,27,,22,25,241,BEXJL0BCP531G8,,1,,
724,009482,6,7,37,,25,25,217,MXL72831416,,1,,
725,009483,6,7,37,,22,25,241,BEXLOBCP531FT,,1,,
726,009484,12,7,36,,25,25,217,MXL723126,,1,,
727,009485,12,7,36,,22,25,241,BEXJLOCP531FU,,1,,
728,009486,9,7,35,,25,25,217,MXL7283140,,1,,
729,009487,9,7,39,,22,25,241,BEXJL0BCP531G7,,1,,
730,009488,9,4,10,,25,25,217,MXL728311M,,1,,
731,009490,7,6,27,,25,25,217,MXL728312B,,1,,
732,009491,7,6,27,,22,25,241,BEXJL0BCP530CD,,1,,
733,009492,9,4,15,,25,25,217,MXL7283121A,,1,,
734,009492,12,7,36,,25,25,217,MXL7283111,,1,,
735,009493,9,4,15,,22,25,241,CT-BEXJLOBCP530CE,,1,,
736,009494,7,1,1,,25,25,217,MXL7283110,,1,,
737,009496,13,11,47,,25,25,217,MXL7283145,,2,,
738,009496,15,7,37,,25,25,217,MXL7283145,,1,,
739,009497,13,11,47,,22,25,241,BEXLOBCP530CC,,2,,
740,009502,13,7,37,,25,25,217,MXL728311C,,1,,
741,009503,13,7,37,,22,25,241,BEXJLOBCP53OCF,,1,,
742,009507,14,11,48,,22,25,241,803181-161,,1,,
743,009510,14,6,32,,27,56,250,2711AVHSM879401573,,1,,
744,009518,9,11,52,,27,56,250,S/S,,1,,
745,009520,12,7,36,,27,56,250,2711AVHSM879401779,,2,,
746,009522,14,12,53,,27,56,250,2711AVHSM879401563,,1,,
747,009523,14,2,5,,27,56,250,2711AVHSM879401564,,1,,
748,009524,14,4,8,,27,56,250,2711AVHSM879401771,,1,,
749,009525,14,4,8,,27,56,250,2711AVHSM879401772,,1,,
750,009526,14,5,24,,27,56,250,AGOM5357,,1,,
751,009532,14,2,5,,27,56,250,2711AVHSM879401793,,1,,
752,009533,14,2,5,,27,56,250,2711AVHSM87940179U,,1,,
753,009534,14,6,28,,27,56,250,2711AVHS,,2,,
754,009537,14,12,53,,27,56,250,2711AVHSM879401568,,1,,
755,009538,14,6,25,,27,56,250,2711AVHSM879401541,,1,,
756,009539,14,6,32,,27,56,250,2711AVHSM879401542,,1,,
757,009542,6,7,37,,27,56,250,2711AVHSM879401806,,2,,
758,009548,14,6,25,,27,56,250,2711AVHSM879401565,,1,,
759,009549,14,6,28,,27,56,250,2711AVHSM87940166,,1,,
760,009557,9,7,35,,27,56,250,2711AVHSM879401256,,1,,
761,009561,14,11,47,,27,56,250,2711AVHSM879401559,,2,,
762,009564,9,4,15,,27,56,250,2711AVHSM879401378,,1,,
763,009565,7,6,27,,27,56,250,S/S,,1,,
764,009566,14,2,5,,27,56,250,2711AVHSM879401787,,1,,
765,009567,14,12,53,,27,56,250,2711AVHSM879401788,,1,,
766,009570,14,5,24,,27,56,250,AGOM5357,,2,,
767,009571,14,5,24,,27,56,250,AGOM5357,,1,,
768,009575,14,11,47,,27,56,250,2711AVHSM879401790,,1,,
769,009576,9,12,54,,27,56,250,S/S,,1,,
770,009577,9,11,52,,27,56,250,2711AVHSM879401803,,2,,
771,009583,14,12,53,,27,56,250,AGOM5357,,1,,
772,009587,9,7,40,,27,56,250,2711AVHSM879401546,,1,,
773,009589,14,8,44,,27,56,250,2711AVHSM879401782,,1,,
774,009591,14,5,24,,27,56,250,AGOM5357,,1,,
775,009595,9,7,35,,27,56,250,2711AVHSM8794011188,,1,,
776,009598,14,1,1,,27,56,250,2711AYHSM879401777,,1,,
777,009622,14,4,13,,18,61,254,1721685,,1,,
778,009632,14,1,1,,13,59,274,VL7172900465,,1,,
779,009633,14,4,13,,13,59,277,VA-2559SMH,,1,,
780,009634,14,10,46,,13,59,274,UL7172900501,,1,,
781,009635,14,1,1,,13,59,277,UL7172900469,,1,,
782,009734,14,12,53,,25,2,125,CO2V9AZ3J1GG,,1,,
783,009735,14,12,53,,22,2,20,S/S,,1,,
784,009757,14,4,13,,10,45,176,G077P100364,,2,,
785,009760,14,11,50,,10,45,176,G077P100357,10.252.121.232,1,,
786,009761,9,11,47,,10,45,176,G077P100340,172.16.20.45,1,,
787,009762,7,5,23,,10,45,176,G077P100352,,1,,
788,009763,9,11,52,,10,45,176,G077P100336,172.16.20.39,1,,
789,009764,7,5,23,,10,45,176,S/S,,2,,
790,009859,14,10,46,,17,13,283,60002522,,1,,
791,009863,14,4,8,,17,13,283,60002527,,1,,
792,009866,14,11,47,,17,13,283,60002579,,1,,
793,009871,14,1,1,,17,13,283,60002570,,1,,
794,010231,14,8,44,,12,25,209,5CD735INNV,,1,,
795,010410,14,11,47,,10,15,206,10000646207,,1,,
796,010421,14,4,12,,27,56,250,2748DVHSM879402088,,5,,
797,010425,9,4,12,,27,56,250,2748DVHSM879402069,,1,,
798,010426,14,4,12,,27,56,250,2748DVHSM879402099,,5,,
799,010429,9,4,12,,27,56,250,2748DVHSM879402095,,1,,
800,010684,12,7,36,,25,30,172,MJ0796SF,,1,,
801,010684,12,11,48,,25,8,200,CN-OTRP8W-74431-55P-0812-A00,,1,,
802,010686,11,8,43,,25,30,230,MJ0796TP,,1,,
803,010687,12,7,36,,22,30,149,0105174,,1,,
804,010688,14,1,1,Revisión,25,30,172,MJ0796TH,,1,,
805,010689,14,6,26,,22,30,149,95167,,1,,
806,010690,9,4,12,,25,30,172,MJ0796SO,,1,,
807,010692,14,1,1,Revisión,25,30,172,MJ0796TQ,,1,,
808,010696,14,11,47,,25,30,172,MJ0796T3,,1,,
809,010697,5,6,27,,22,30,149,0105179,,1,,
810,010698,14,5,21,,25,30,172,MJ0796ST,,1,,
811,010699,14,5,21,,22,30,149,MJ0796ST,,1,,
812,010700,15,11,47,,25,30,172,MJ0796TK,,1,,
813,010701,15,11,47,,22,30,149,0104915,,1,,
814,010705,14,4,12,,22,30,149,105143,,6,2025-07-24,Contabilidad PH - Lesbia Caicedo
815,010711,14,6,27,,22,30,149,105128,,1,,
816,010712,14,8,44,,25,30,172,MJ0796S1,,1,,
817,010713,14,8,44,,22,30,149,009550,,1,,
818,010727,14,8,44,,10,45,177,G9988X368332,,2,,
819,010737,14,4,12,,12,25,210,5CD7517F2H,,5,,Auditoría Interna
820,010738,14,4,12,,12,25,210,5CD7518BRV,,5,,
821,010739,14,8,42,,12,25,208,5CD7517DZ2,,1,,
822,010742,14,8,42,,13,59,276,UE6182640731,,1,,Informática PH
823,010746,14,12,53,,12,30,65,EF-1F6K9H,,1,,
824,010748,14,10,46,,12,30,65,PF-1F5MEA,,1,,
825,010750,14,10,46,,12,30,65,PF-1F5MEA,,2,,
826,010799,9,6,31,,25,25,218,MXL9022S0B,,1,,
827,010800,9,4,12,,25,25,218,MXL9022SOP,,1,,
828,010801,9,7,35,,25,25,218,S/S,,1,,
829,010802,14,11,47,,25,25,219,MXL9022S09,,1,,Servicios Técnicos
830,010803,9,4,12,,25,25,218,MXL9022S03,,1,,
831,010804,9,11,48,,25,25,218,MXL9022S02,,1,,
832,010805,14,5,23,,25,25,218,MXL9022SOC,,1,,Altamira
833,010806,9,11,51,,25,25,218,S/S,,1,,
834,010807,12,7,37,,25,25,218,MXL9022S0R,,1,,
835,010816,9,11,51,,22,25,143,S/S,,1,,
836,010817,9,4,17,,22,8,136,CT-BEXJL0ALAE3RT,,1,,
837,010820,14,8,42,,22,25,143,803823-161,,1,,
838,010821,14,10,46,,22,25,143,803823-161,,2,,
839,010823,9,11,48,,22,25,143,CN-BEXJLOAAE3RQ,,1,,
840,010824,12,7,37,,22,25,143,BEXJLOALAAEO6B,,1,,
841,010825,14,10,46,,12,2,21,C02YW2P3LVDD,,1,,Informática PH
842,010826,14,10,46,,12,2,21,C02YW2PWLVDD,,1,,
843,010827,14,10,46,,12,2,21,C02Z9OK3LVDD,,1,,
844,010940,14,10,46,,12,2,21,C02YL08NLVDD,,2,,
845,010943,14,4,12,,27,17,80,190862500370*,,5,,
846,010945,9,7,35,,27,17,80,190862500370*,,1,,
847,010948,14,4,12,,27,17,80,190862500370*,,5,,
848,010991,14,10,46,,13,59,278,V33193500525,,1,,Salon de Reuniones
849,010992,14,6,27,,10,29,255,E522NDA0944,,2,,
850,010993,14,12,53,,10,29,255,RFG9602531,10.252.121.212,1,,
851,010995,14,6,30,,10,29,255,RFG9603487,,1,,
852,010996,14,5,22,,10,29,255,RFG9602967,10.252.121.210,1,,Altamira
853,011096,9,7,40,,10,31,49,75299431470K7,172.16.20.29,1,,
854,011159,14,10,46,,12,8,161,7PKTYY2,,2,,
855,011200,14,10,46,,21,55,263,2198483032028,,1,,
856,011207,14,6,32,,27,17,185,191022502385,,1,,
857,011208,14,12,53,,27,17,185,S/S,,1,,
858,011209,9,4,12,,27,17,184,191022502387*,,1,,
859,011210,9,4,12,,27,17,184,191022502388*,,2,,
860,011212,14,10,46,,27,17,184,191022502215,,1,,
861,011216,2,6,27,,22,25,269,BKTAROB42HQF8T,,1,,
862,011230,11,8,43,,10,31,49,7529-436,,1,,
863,011257,14,4,13,,12,25,73,5CD9450PQ5,,1,,
864,011308,14,4,12,,10,31,166,75299431A70M0,,6,2025-07-24,Secretaría General
865,011310,9,11,51,,10,31,49,75299431470NK,172.16.20.110,1,,
866,011312,9,7,35,,10,31,49,75299431470N3,172.16.20.147,1,,Operaciones
867,011314,9,7,35,,10,31,49,42C5120-01-R-001-9296-0897,,5,,
868,011316,14,13,55,Daniela Castillo,10,31,166,42C7869-004,10.252.121.217,1,2025-07-15,Tesorería
869,011378,9,7,35,,25,8,192,CN-ONMGR7-PE200-PCH-1879-A00,,1,,
870,011379,9,7,35,,22,8,136,S/S,,1,,
871,011380,9,4,18,,25,8,192,CN-ONMGR7-PE2009CH-1762-A00,,1,,
872,011381,9,4,18,,22,8,136,CN-01GN56-M6D00993-06LW-A01,,1,,
873,011382,14,9,45,,25,8,192,0NMGR7,,1,,
874,011383,14,9,45,,22,8,136,01GN56,,1,,
875,011386,14,10,46,,25,8,193,ONMGR7,,1,,
876,011387,14,10,46,,22,8,136,CN-01GN56-M6D00,,1,,
877,011390,9,4,12,,25,8,192,CN-0NMGR7-PE200-9CH-1712-A00,,1,,
878,011391,14,6,30,,22,8,136,CN-01GN56-M6D00-933-06LZ-A01,,1,,
879,011393,9,4,12,,22,30,259,CN-01GN56-M6D00-933-06F6-A01,,1,,
880,011400,14,4,13,,25,41,284,S/S,,1,,
881,011402,14,4,13,,25,8,193,S/S,,1,,
882,011403,14,4,13,,22,8,136,CN-OIGN56-M6DOO-993-OAUS-AIO,,1,,
883,011404,14,4,13,,25,8,193,S/S,,1,,
884,011405,14,4,13,,22,8,136,CN-OIGN56-M6DOO-993-06-06LX-AIO,,1,,
885,011407,14,4,13,,22,8,136,CN-OIGN56-M6DOO-993-08Y9-AIO,,1,,
886,011408,14,4,13,,25,8,193,S/S,,1,,
887,011409,14,4,13,,22,8,136,CN-OIGN56-M6DOO-993-06M5-AIO,,1,,
888,011410,14,4,13,,25,8,193,S/S,,1,,
889,011411,14,4,13,,22,8,136,CN-OIGN56-M6DOO-993-08WJ-AIO,,1,,
890,011412,14,5,21,,25,8,192,S/S,,1,,
891,011414,9,11,48,,25,8,192,CN-ONMG1M7-PE200-9BP-2101-A00,,1,,
892,011415,9,11,48,,22,8,136,CN01GN56M6D009930B16A01,,1,,
893,011416,14,2,5,,25,8,192,S/S,,1,,Informática PH
894,011417,14,6,29,,22,8,136,S/S,,1,,Informática PH
895,011418,14,13,55,,25,8,192,S/S,,1,,
896,011419,14,13,55,,22,25,239,S/S,,1,,
897,011420,14,1,1,Revisión,25,8,192,CN00NMGR7-PE200-9Q-0647-A00,,1,,
898,011421,14,6,26,,22,8,84,CN-01GN56-M6D00-9AS-0026M-A01,,1,,
899,011435,14,5,21,,12,25,213,5CD9528GLT,,1,,
900,011436,14,8,42,,12,25,213,5CD952BGZR,,1,,
901,011437,11,8,43,,12,25,213,5CD952BHDC,,1,,
902,011445,14,10,46,Disponible,25,8,193,0NMTR7,,1,2025-08-13,Relaciones Públicas - Marisabel Vieto
903,011446,14,10,46,Disponible,22,8,136,CN-01GN56-M6D00-993-08WK-A01,,1,2025-08-13,Relaciones Públicas - Marisabel Vieto
904,011447,14,4,8,,25,8,193,CN-ONMGR7-PE200-9C,,1,,
905,011448,14,4,8,,25,8,193,CN-O1GN56-M6D00-9,,1,,
906,011450,14,8,44,,21,6,35,S/S,,1,,
907,011451,14,6,28,,25,8,193,0MMGR7,,1,,
908,011452,14,6,28,,22,8,136,01GN56,,1,,
909,011569,12,7,37,,25,25,220,8CG0366K3V,,1,,
910,011570,12,7,37,,22,25,241,BEXJLOCUEDO279,,1,,
911,011571,9,7,37,,25,25,220,8CG0366K47,,1,,
912,011572,9,7,37,,22,25,241,CT-BEXJLOCUEDO210,,1,,
913,011573,13,7,37,,25,25,220,8CG0366K49,,1,,
914,011575,11,7,37,,25,25,220,8CG0046KJQ,,1,,
915,011576,11,7,37,,22,25,241,BEXJLOCUEDO278,,1,,
916,011578,6,7,37,,22,25,241,BEXLOCUEDO277,,1,,
917,011580,14,8,42,,22,25,241,S/S,,1,,
918,011581,14,6,27,,25,25,220,8CE0366K46,,1,,
919,011582,14,10,46,,22,25,241,803823-161,,1,,Auditoría Interna
920,011600,14,9,45,,27,17,122,S/S,,1,,
921,011601,14,9,45,,27,17,122,S/S,,1,,
922,011602,14,9,45,,27,51,84,S/S,,1,,
923,011603,14,9,45,,27,17,122,S/S,,1,,
924,011604,14,9,45,,27,1,32,S/S,,1,,
925,011639,9,11,52,,27,17,247,2101325001738*,,1,,
926,011641,9,11,52,,27,17,247,2.01133E+11,,1,,
927,011642,9,6,31,,27,17,247,201132500685,,1,,
928,011643,14,1,1,,27,17,247,201132500688,,1,,
929,011644,14,6,25,,27,17,248,201132500686,,1,,
930,011645,14,4,12,,27,17,247,201132501007,,6,2025-07-24,Descarte
931,011646,14,1,3,,27,17,247,201132501005,,1,,
932,011647,14,4,13,,27,17,247,201132501008,,1,,
933,011648,14,4,8,,27,17,249,201132501006,,1,,
934,011662,14,6,25,,22,36,9,923400916586,,1,,
935,011668,5,6,27,,22,16,84,S/S,,1,,
936,011700,14,10,46,,6,58,271,68D79A13A3E6,,2,,
937,011710,12,7,36,,27,56,252,AGPS 7552,,1,,
938,011765,9,11,52,,1,34,286,880-000146,,1,,
939,011775,9,10,46,,23,21,84,4123215102104430*,,1,,
940,011776,9,11,52,,23,21,84,S/S,,1,,
941,011777,9,7,35,,23,21,116,20NFE2AL7229820C,,1,,
942,011778,9,4,14,,23,21,118,S/S,,1,,
943,011781,14,1,3,,21,33,167,13B20F17A00420,,1,,
944,011782,14,8,42,,24,44,270,3210500139390,,1,,
945,011792,14,1,1,Damaris Castillo,10,25,188,TH1CED614P,10.252.121.205,1,,
946,011795,9,11,52,,12,30,258,MP25VYPV,,1,,Administración General
947,011796,14,10,46,,12,30,258,MP277YCA,,1,,
948,011801,14,10,46,,3,24,84,S/S,,1,,
949,011811,9,4,12,,10,29,255,RFG1809412,172.16.20.30,1,,
950,011812,14,11,1,,10,29,30,RFG1909659,10.252.121.202,1,,
951,011813,14,6,28,,10,29,255,RFG1909717,,2,,
952,011814,14,6,25,,10,29,255,RFG1909731,10.252.121.206,1,,
953,011815,14,5,21,,10,29,255,V9A16A9359,10.252.121.231,1,,
954,011817,6,6,27,,21,57,84,ZX-16FE-2GE-300-SFP,,1,,
955,011820,14,8,42,,12,8,158,CBM4ML3,,1,,
956,011821,9,4,11,,10,46,234,44103460,,2,,
957,011822,11,8,43,,12,8,158,CBM4ML3,,1,,
958,011865,5,6,27,,10,25,207,CNDRQ2Q566,,1,,
959,011889,14,6,30,,21,19,84,S/S,,1,,
960,011910,14,12,53,,1,18,117,2234C03153,,1,,
961,011912,14,10,46,,10,31,180,70191211030C1,,2,,
962,011913,1,6,27,,10,31,180,70191211030LR,,1,,
963,011914,7,6,29,,10,31,180,7019121103032!,,1,,
964,011915,9,7,41,,10,31,180,7019121102ZWT,172.16.20.182,1,,
965,011916,12,7,39,,10,31,180,701912110300V,,1,,
966,011918,12,1,4,,10,31,180,701191377103L45,,1,,
967,011919,9,7,37,,10,31,180,70119121103013,172.16.20.81,1,,
968,011920,15,11,47,,10,31,180,70191211030ML,,1,,
969,011921,12,7,36,,10,31,180,7019121103087,10.74.1.252,1,,
970,011922,6,6,27,,10,31,180,7019137103MG6,,1,,
971,011923,2,6,27,,10,31,180,7019137103M28,,1,,
972,011924,14,10,46,,10,31,180,70191211030BM,,1,,
973,011926,14,10,46,,10,31,180,2376A-L14002,,1,,
974,011927,13,11,47,,10,31,180,70191211030K6,,1,,
975,011928,9,7,35,,10,31,180,CCA118F100400TA,,1,,
976,011929,11,7,37,,10,31,180,7019137103MR2,,1,,
977,011930,11,6,33,,10,31,180,70191211030LT,,1,,
978,011931,4,6,27,,10,31,180,70191211030L9,,1,,
979,011951,14,11,47,,21,19,84,202207190027,,1,,
980,011952,14,8,44,,21,19,84,202207190026,,1,,
981,011953,11,6,33,,13,25,202,CN4227711Y,,1,,
982,011955,11,6,33,,26,25,215,MXL2164533,,1,,
983,011956,11,6,33,,27,51,181,622208500066,,1,,
984,011957,11,6,33,,13,25,202,CN422770Z4,,1,,
985,011958,11,6,33,,26,25,215,MXL2164532,,1,,
986,011959,11,6,33,,27,51,181,622209501390,,1,,
987,011960,11,6,33,,13,25,202,CN4227711X,,1,,
988,011961,11,6,33,,26,25,215,MXL2164520,,1,,
989,011962,14,4,12,,27,51,181,622209501389,,5,,
990,011963,11,6,33,,10,12,79,X3YF061832,,1,,
991,011975,14,10,46,,25,25,221,8CN2340LVZ,,1,,
992,011976,14,4,12,,22,25,238,BEXQAQDUEG4OAU,,5,,Administración General
993,011977,14,10,46,,25,25,221,8CN2340PZG,,1,,Maquina Planilla
994,011978,14,10,46,,22,25,238,8CN234Q09,,2,,Informática PH
995,011979,14,1,1,,25,25,221,8CN234Q09,,1,,Informática PH
996,011981,2,6,27,,25,25,221,BCN2340PY1,,1,,
997,011982,14,10,46,,22,25,143,BEXJLOALAA41TO,,1,,
998,011986,9,10,46,,10,29,255,RFG2110672,172.16.20.30,1,,
999,011987,14,4,13,,10,29,255,RFG2110664,10.252.121.220,1,,
1000,011988,14,5,24,,10,29,255,RFG2110360,10.252.121.221,1,,
1001,012009,14,1,1,,27,51,233,2.12213E+11,,1,,
1002,012020,14,6,26,,10,29,67,E52LBWA1ZZ1CA,10.252.121.233,1,,
1003,012021,7,5,22,,27,51,233,S/S,,1,,
1004,012022,9,7,35,Sub-Operaciones,10,29,67,1212Z00997,172.16.20.40,1,,Informática PH
1005,012105,9,6,31,,25,25,223,8CN31001D5,,1,,
1006,012106,9,6,31,,22,25,269,9CP307RBF2,,1,,
1007,012107,14,6,30,Marlo Bonilla,25,25,223,M97315-001,,1,2025-08-05,Informática
1008,012108,3,6,27,,22,25,269,9CP307R8HK,,1,,
1009,012109,4,6,27,,25,25,222,8CN310018C,,1,,
1010,012110,4,6,27,,22,25,269,9CP307R880,,1,,
1011,012111,5,6,27,,25,25,222,8CN31000XT,,1,,
1012,012112,5,6,27,,22,25,269,BKTAROB42HQFFT,,1,,
1013,012114,1,6,27,,22,25,267,BKTAROBUEHR5KC,,1,,
1014,012115,2,6,27,,25,25,222,8CN310012F,,1,,
1015,012117,7,6,27,,25,25,223,8CN31001DL,,1,,
1016,012118,7,6,27,,22,25,267,BKTAR0BUEHR5JV,,1,,
1017,012119,14,4,12,,25,25,223,8CN3100139,,6,2025-07-24,Recursos Humanos
1018,012120,14,6,25,,22,25,269,9CP307R87R,,1,,
1019,012121,14,4,8,,25,25,223,8CN31001BL,,1,,
1020,012122,14,6,27,,22,25,267,M27881-161,,1,,
1021,012123,14,6,27,,25,25,223,8CN310012C,,1,,
1022,012124,14,6,27,,22,25,269,S/S,,1,,
1023,012125,14,6,28,,25,25,223,8CN3100185,,1,,
1024,012126,14,6,28,,22,25,269,9CP308NPPM,,1,,
1025,012127,14,6,25,,25,25,222,8CN3100IDC,,1,,
1026,012128,14,10,46,,22,25,269,9CP307R7Y3,,1,2025-07-04,Finanzas - Julio Escobar
1027,012129,14,10,46,Aura Bethancourt,25,25,222,8CN3110018M,,1,,
1028,012130,14,10,46,,22,25,267,M27881-161,,1,,
1029,012148,14,6,27,,27,51,233,212212500063,,1,,
1030,012149,14,5,21,Leydi Chavez,27,51,233,212212500268,,1,2025-07-28,
1031,012150,14,6,27,,27,51,233,212212500064,,1,,
1032,012151,14,6,27,,27,51,233,212212500062,,1,,
1033,012152,14,6,27,,27,51,233,212212500267,,1,,
1034,012153,14,6,27,,27,51,233,212212500061,,1,,
1035,012154,14,6,27,,27,51,233,212212500390,,1,,
1036,012156,14,11,47,,25,25,221,8CN2340J60,,1,,
1037,012157,14,11,47,,22,25,238,S/S,,1,,
1038,012190,14,11,47,,25,30,4,MJ0KETE6,,1,,
1039,012191,14,11,47,,22,30,12,S/S,,1,,
1040,012192,14,4,13,,25,30,5,MJOKETE7,,1,,
1041,012193,14,4,13,,22,30,244,855D51B3724ADVLC32POR3R,,1,,
1042,012295,11,6,33,,10,12,82,X4B6008515,,1,,
1043,012296,14,10,46,,10,12,203,X4B6007477,,1,,
1044,012302,14,4,8,,10,29,256,HS53120135,10.252.121.227,1,,
1045,012307,14,5,22,,22,23,142,S/S,,1,,Altamira
1046,012308,14,11,47,,22,23,142,S/S,,1,,
1047,012309,14,11,47,,22,23,142,S/S,,1,,
1048,012310,9,4,12,,22,23,142,S/S,,1,,
1049,012311,5,6,27,,22,23,142,S/S,,1,,
1050,012312,15,11,47,,22,23,142,S/S,,1,,
1051,012313,1,6,27,,25,25,223,8CN31001BG,,1,,
1052,012314,7,5,23,,22,23,142,S/S,,1,,
1053,012315,14,5,23,,22,23,142,S/S,,1,,Altamira
1054,012316,13,7,37,,22,23,142,S/S,,1,,
1055,012317,11,8,43,,22,23,142,S/S,,1,,
1056,012319,13,11,48,,22,23,142,S/S,,1,,
1057,012320,14,5,21,,22,23,142,S/S,,1,,Agencia de la 24
1058,012321,14,6,27,,22,23,142,S/S,,1,,
1059,012322,12,7,40,,22,23,142,S/S,,1,,
1060,012323,14,6,28,,22,23,142,HVKB-KB611CM-SP-BK,,1,,
1061,012324,9,4,12,,22,23,142,S/S,,1,,
1062,012325,14,5,23,,22,23,142,HVKB-KB611CM-SP-BK,,1,,Altamira
1063,012326,14,5,21,,22,23,142,HVKB-KB611CM-SP-BK,,1,,Informática PH
1064,012327,14,10,46,,22,23,142,HVKB-KB611CM-SP-BK,,1,,
1065,012328,14,11,50,,22,23,142,HVKB-KB611CM-SP-BK,,1,,
1066,012329,14,5,21,,22,23,142,HVKB-KB611CM-SP-BK,,1,,
1067,012330,14,8,44,,22,23,142,HVKB-KB611CM-SP-BK,,1,,Informática PH
1068,012331,14,1,1,,22,23,142,HVKB-KB611CM-SP-BK,,1,,Informática PH
1069,012332,15,11,47,,22,23,142,HVKB-KB611CM-SP-BK,,1,,Informática PH
1070,012333,9,7,37,,22,23,142,HVKB-KB611CM-SP-BK,,1,,Informática PH
1071,012334,9,7,57,,22,23,142,HVKB-KB611CM-SP-BK,,1,,Informática PH
1072,012335,15,7,35,,22,23,142,HVKB-KB611CM-SP-BK,,1,,Informática PH
1073,012336,14,10,46,Disponible,22,23,142,HVKB-KB611CM-SP-BK,,1,2025-06-13,Asesoría Legal
1074,012337,14,5,24,,22,23,142,S/S,,1,,
1075,012338,14,6,26,,22,23,142,S/S,,1,,
1076,012339,14,11,50,,22,23,142,S/S,,1,,
1077,012340,14,11,50,,22,23,142,S/S,,1,,
1078,012341,14,6,31,,22,23,142,S/S,,1,,Informática PH
1079,012342,14,5,24,,22,23,142,S/S,,1,,
1080,012343,14,11,47,,22,23,142,S/S,,1,,
1081,012345,14,6,27,,22,23,142,S/S,,1,,
1082,012347,14,11,50,,22,23,142,S/S,,1,,
1083,012349,14,11,47,,22,23,142,S/S,,1,,
1084,012350,14,8,44,,22,23,142,S/S,,1,,
1085,012351,12,11,48,,22,23,142,S/S,,1,,
1086,012352,14,5,22,,22,23,142,S/S,,7,,Altamira
1087,012353,1,6,27,,22,23,142,HVKB-KB611CM-SP-BK,,1,,Informática PH
1088,012354,14,5,21,,22,23,142,S/S,,1,,
1089,012355,14,6,30,,22,23,142,HVKB-KB611CM-SP-BK,,1,,Informática PH
1090,012356,14,10,46,,22,23,142,HVKB-KB611CM-SP-BK,,1,,
1091,012358,14,4,13,,27,51,232,312307501947,,1,,
1092,012359,14,4,13,,27,51,232,312307501969,,1,,
1093,012360,14,4,13,,27,51,232,312307501970,,1,,
1094,012361,14,4,13,,27,51,232,312307501971,,1,,
1095,012362,14,4,13,,27,51,232,312307501972,,1,,
1096,012363,14,4,13,,27,51,232,312307501854,,1,,
1097,012364,14,1,1,,27,51,232,312307501853,,1,,
1098,012366,14,1,1,,27,51,232,312307501855,,1,,
1099,012367,14,1,1,,3,24,56,L30334919,,1,,
1100,012373,14,10,46,,16,14,66,S/S,,1,,
1101,012376,14,10,46,,16,14,66,S/S,,1,,24.02.25
1102,012377,14,10,46,,16,14,66,S/S,,1,,
1103,012378,14,10,46,,16,14,66,S/S,,1,,
1104,012381,14,10,46,,16,14,66,S/S,,1,,
1105,012382,14,10,46,,16,14,66,S/S,,1,,
1106,012384,14,10,46,,16,14,66,S/S,,1,,
1107,012385,14,10,46,,16,14,66,S/S,,1,,
1108,012387,14,10,46,,16,14,66,S/S,,1,,
1109,012388,14,10,46,,16,14,66,S/S,,1,,
1110,012389,14,10,46,,16,14,66,S/S,,1,,
1111,012391,14,10,46,,16,14,66,S/S,,1,,24.02.25
1112,012393,14,10,46,,16,14,66,S/S,,1,,
1113,012394,14,10,46,,16,14,66,S/S,,1,,
1114,012396,14,10,46,,16,14,66,S/S,,1,,24.02.25
1115,012398,14,10,46,,16,14,66,S/S,,1,,
1116,012399,14,10,46,,16,14,66,S/S,,1,,
1117,012400,14,10,46,,16,14,66,S/S,,1,,24.02.25
1118,012401,14,10,46,,16,14,66,S/S,,1,,
1119,012402,14,10,46,,16,14,66,S/S,,1,,24.02.25
1120,012403,14,10,46,,16,14,66,S/S,,1,,24.02.25
1121,012404,14,10,46,,16,14,66,S/S,,1,,
1122,012405,14,10,46,,16,14,66,S/S,,1,,24.02.25
1123,012407,12,7,39,,10,29,67,VE836226022,,1,,
1124,012408,9,11,49,,10,29,67,VE83625720,172.16.20.148,7,,
1125,012409,9,6,31,,10,29,67,VE83625892,172.16.20.157,7,,
1126,012410,14,5,23,,10,29,67,VE83625900,10.252.121.208,1,,Tocumen
1127,012411,14,2,5,,10,29,67,VE83625839,10.252.121.218,1,,
1128,012412,9,4,15,,10,29,67,VE83625845,172.16.20.160,7,,
1129,012413,14,12,53,,25,25,223,8CN33204FJ,,1,,
1130,012414,14,12,53,,22,25,268,N27881-121,,1,,
1131,012415,12,7,39,,25,25,223,8CN33204V2,,1,,
1132,012416,12,7,39,,22,25,267,BKTAROCUEIB1UX,,1,,
1133,012417,14,12,53,,25,25,223,8CN332046T,,1,,
1134,012418,14,12,53,,22,25,269,9CP326PMZ0,,1,,
1135,012419,14,5,22,,25,25,223,8CN33203VP,,7,,
1136,012420,14,5,22,,22,25,267,BKTAR0CUEIB1TB,,7,,Altamira
1137,012421,14,5,23,,25,25,223,8CN33204RT,,1,,Altamira
1138,012422,14,5,23,,22,25,269,9CP326PMG3,,1,,Altamira
1139,012423,14,11,47,,25,25,223,8CN33203Z4,,1,,
1140,012424,14,4,8,,22,25,267,M27527-161,,1,,
1141,012425,14,12,53,,25,25,223,8CN3320450,,1,,
1142,012426,14,12,53,,22,25,269,9CP326PMP2,,1,,
1143,012427,14,1,1,,12,25,74,5CD328065N,,7,,Informática PH
1144,012428,14,6,27,,12,25,74,5CD328065F,,7,,
1145,012429,14,10,46,,12,25,74,5CD32806BM,,7,,
1146,012430,14,6,27,,12,25,74,5CD3280673,,7,,
1147,012431,14,6,27,,12,25,74,SCD328067P,,7,,
1148,012432,14,11,47,,21,19,84,202207310016,,1,,
1149,012433,14,6,28,,21,19,84,S/S,,1,,
1150,012435,14,11,47,,10,29,256,H553522790,10.252.121.223,7,,
1151,012436,14,1,1,,10,29,256,RWD35B9243,10.252.121.213,7,,
1152,012442,9,10,46,,12,25,74,5CD32806BG,,7,,
1153,012443,14,12,53,,12,25,74,5CD328069M,,7,,
1154,012444,14,10,46,,12,25,74,5CD32806B7,,7,,
1155,012445,14,8,42,,12,25,74,5CD32806BF,,7,,
1156,012447,9,7,35,,12,25,74,5CD32806B2,,7,,
1157,012448,14,13,55,,12,25,74,S/S,,7,,
1158,012449,9,10,46,,12,25,74,5CD32806B0,,7,,
1159,012450,14,1,1,,12,25,74,5CD3280CB,,7,,
1160,012451,14,11,47,,12,25,74,5CD3280676,,7,,
1161,012452,14,6,25,,12,25,74,5CD32806B5,,7,,
1162,012453,14,1,2,,12,25,74,5CD328069V,,7,,Informática PH
1163,012455,14,8,42,,12,25,74,5CD32806B9,,7,,
1164,012456,14,1,1,,12,25,74,5CD328069Y,,7,,
1165,012457,9,12,54,,12,25,74,5CD328069C,,7,,
1166,012458,14,10,46,,12,25,74,5CD328067X,,7,,
1167,012459,14,10,46,,12,25,74,5CD3280683,,7,,
1168,012460,14,10,46,Ricardo Vargass,12,25,74,5CD3280670,,7,,
1169,012461,14,10,46,,12,25,74,5CD328069W,,7,,
1170,012464,14,6,27,,10,29,256,H553120128,10.252.121.225,1,,
1171,012465,14,6,32,,10,29,256,H55312059,10.252.121.214,1,,
1172,012469,14,10,46,,10,29,67,VE83425100,,1,,
1173,012470,14,1,1,,24,27,170,50KB358N-X2098GT-072301298,,1,,
1174,012471,14,10,46,,24,27,170,50KB538N-X2098GT-O72301486,,1,,
1175,012472,14,6,25,,24,27,170,S/S,,1,,
1176,012473,7,11,47,,10,29,67,VE83425043,,1,,
1177,012474,12,7,37,,10,29,67,VE8342254048,,1,,
1178,012475,9,11,48,,10,29,67,VE83425053,172.16.20.244,1,,
1179,012476,12,11,48,,10,29,67,VE83425042,,1,,
1180,012556,14,4,13,,25,25,223,8CN342087S,,7,,
1181,012557,14,4,13,,22,25,267,CT:BKTAROCUE1KBRT,,7,,
1182,012558,14,1,1,,25,25,223,8CN34207MG,,7,,
1183,012559,14,1,1,,22,25,267,CN:BKTAROCUE1LODR,,7,,
1184,012560,9,4,15,,25,25,223,8CN3420813,,7,,
1185,012561,9,4,15,,22,25,267,CN:BKTAROCUE1LODR,,7,,
1186,012562,9,10,46,,25,25,223,S/S,,7,,
1187,012563,9,10,46,,22,8,133,CN-OF2JV2-71616-6TP-1LPT-A03,,7,,
1188,012564,14,6,32,,25,25,223,8CN34207M6,,7,,
1189,012565,14,10,46,,22,25,267,M27881-161,,7,,Presupuesto
1190,012566,7,5,23,,25,25,223,8CN3420830,,7,,
1191,012567,7,5,23,,22,25,267,M27527-161,,7,,
1192,012568,14,5,21,,25,25,223,8CN34207M7,,7,,Informática PH
1193,012569,14,4,8,,22,25,267,M27527-161,,7,,
1194,012570,14,4,12,,25,25,223,8CN342086S,,5,,Lector de Disco dañado
1195,012571,14,10,46,,22,25,267,M27881-161,,7,,
1196,012572,9,11,51,,25,25,223,8CN342080Z,,7,,
1197,012573,9,11,51,,22,25,269,9CP341N7VX,,7,,
1198,012574,9,11,47,,25,25,223,8CN342087P,,7,,
1199,012575,9,11,47,,22,25,267,BKTAR0CUEIKBRV,,7,,
1200,012576,14,6,25,,25,25,223,8CN342080Y,,7,,
1201,012577,14,10,46,Disponible,22,25,267,BKTAROBTJ107L5,,7,,Auditoría Interna
1202,012578,9,4,12,,25,25,223,8CN34207LM,,7,,
1203,012579,9,4,12,,22,25,267,S/S,,7,,
1204,012580,9,4,18,,25,25,223,8CN342087L,,7,,
1205,012581,9,4,18,,22,25,267,S/S,,7,,
1206,012583,14,10,46,,22,25,267,S/S,,7,,24 de diciembre
1207,012665,14,4,20,,1,48,123,S/S,,7,,
1208,012873,14,10,46,Fernando Fanilla,13,59,279,WPX2428A0493,,7,,
1209,012874,14,10,46,,13,59,279,WPX2428A0850,,7,,
1210,012875,14,10,46,,13,59,279,WPX2428A0485,,7,,
1211,012876,14,2,5,Yacelyka garzola,13,59,279,WPX2428A0478,,7,2025-07-22,Informática
1212,012877,14,4,8,,13,59,279,WPX2428A0480,,7,,
1213,012878,14,10,46,,13,59,279,WPX2428A0488,,7,,
1214,012879,14,10,46,Orlando Sanjur,13,59,279,WPX2428A0486,,7,,
1215,012880,14,10,46,Ricardo Vargas,13,59,279,WPX2430A0984,,7,,
1216,012882,9,4,8,,24,32,15,402RMBW48757,,7,,
1217,012883,9,4,15,,24,32,15,402RMJF48756,,7,,Informática PH
1218,012884,14,4,12,,24,32,15,402RMQK48764,,5,,
1219,012898,14,6,27,,24,11,14,S/S,,7,,Informática PH
1220,012899,14,12,53,,24,11,14,S/S,,7,,
1221,012900,14,12,53,,24,11,14,S/S,,7,,
1222,012901,14,8,42,,24,11,14,S/S,,7,,Informática PH
1223,012902,9,10,46,,24,11,14,S/S,,7,,
1224,012957,9,10,46,,10,31,180,701942540NCYZ,,7,,Informática PH
1225,012961,9,4,14,,10,31,180,701942540NCYH,172.16.20.70,7,,Informática PH
1226,012962,9,4,10,,10,31,180,701942540NCFY,172.16.20.23,7,,Informática PH
1227,012963,15,7,35,,10,31,180,701942540NCGH,,7,,Informática PH
1228,012964,13,11,47,,10,31,180,701942540NCGM,,7,,Informática PH
1229,012965,12,7,37,,10,31,180,701942540NCFX,,7,,Informática PH
1230,012966,14,8,44,,10,31,180,701942540NCD6,10.252.121.209,7,,Informática PH
1231,012967,9,11,47,Operaciones,10,31,180,701942540NCYZ,172.16.20.166,1,,Recursos Humanos - Operaciones
1232,012968,14,10,46,,10,31,180,701942540NCZ2,,7,,
1233,013001,14,10,46,,20,8,225,T23HNQ54,,7,,
1234,013004,9,10,46,,10,29,68,VDT4715306,,7,,
1235,013005,9,7,35,Nohelis Ruiz - SubOperaciones,10,29,68,VDT4715301,,7,2025-07-28,
1236,013036,14,10,46,,10,29,257,19Z4821775,10.252.121.226,7,,
1237,013037,14,6,28,,10,29,257,19Z4721103,10.252.121.215,7,,
1238,013038,14,6,30,,10,29,257,19Z4821779,10.252.121.204,7,,Informática PH
1239,013039,14,8,42,,10,29,257,19Z4721096,10.252.121.211,7,,Informática PH
1240,013040,9,10,46,,18,63,174,ZTC8241100087,,7,,Informática PH
1241,013041,9,10,46,,18,63,174,ZTC8241100217,,7,,Informática PH
1242,013042,9,10,46,,18,63,174,ZTC8241100219,,7,,Informática PH
1243,013043,7,10,46,,18,63,174,ZTC8241100182,,7,,Informática PH
1244,013044,11,10,46,,18,63,174,ZTC8241100273,,7,,Informática PH
1245,013045,12,10,46,,18,63,174,ZTC8241100191,,7,,Informática PH
1246,013046,12,10,46,,18,63,174,ZTC8241100082,,7,,Informática PH
1247,013047,15,10,46,,18,63,174,ZTC8241100086,,7,,Informática PH
1248,013048,13,10,46,,18,63,174,ZTC8241100097,,7,,Informática PH
1249,013049,12,7,36,,18,63,174,ZTC8241100221,,7,,Informática PH
1250,013050,14,10,46,,18,63,174,ZTC8241100088,,7,,
1251,013051,14,10,46,,18,63,174,ZTC8241100183,,7,,
1252,013052,14,1,2,Ceilin Batista,10,31,178,460143240XDZ8,10.252.121.228,7,,Oficina de informática
1253,013053,7,6,29,,10,31,178,460143240XFOX,,7,,Informática Carrasquilla
1254,013054,5,6,27,,10,31,178,460143240XDZ,,7,,Informática Carrasquilla
1255,013055,14,5,23,,10,31,178,460143240XD2F,10.252.121.207,7,,Informática Carrasquilla
1256,013056,12,7,40,,10,31,178,460143240XFON,,7,,Informática Carrasquilla
1257,013057,9,7,57,,10,31,178,460143240XF04,,7,,Informática Carrasquilla
1258,013058,6,6,27,,10,31,178,460143240XDWC,,7,2025-06-17,
1259,013064,14,10,46,,10,12,168,X4S3004675,,7,,
1260,013065,14,10,46,,10,12,168,X4S3004616,,7,,
1261,013198,14,4,8,,12,2,22,C0MD7HDFPV,,7,,
1262,013199,14,9,45,,27,17,182,241032516963,,7,,Prestado sin una NOTA
1263,013201,15,10,46,,27,17,182,241032516964,,7,,Informática PH
1264,013202,14,10,46,Rosa,27,17,182,241032513360,,7,,Informática PH
1265,013203,14,4,8,,27,17,182,241032513357,,7,,Informática PH
1266,013204,14,10,46,,27,17,182,241032513359,,7,,
1267,013205,9,10,46,,27,17,182,241032513358,,7,,Informática PH
1268,013206,14,10,46,,10,12,82,X4B6009914,,7,,
1269,013207,14,10,46,,10,12,82,X4B6009714,,7,,
1270,013271,14,12,53,Eduardo Moreno,25,2,24,Z1E2000UQ,,7,,Informática PH
1271,013272,14,8,42,,5,9,173,S/S,,7,,
1272,013289,14,4,8,Eyra Lasso,12,25,214,1H84501NML,,7,,Informática PH
1273,013290,14,2,5,,12,25,214,1H84501NMY,,7,,Informática PH
1274,013291,14,6,27,Vielsa Frias,12,25,214,1H84501NLY,,7,,Informática PH
1275,013292,14,5,21,Adelaida Fundora,12,25,214,1H84501NND,,7,,Informática PH
1276,013293,14,6,25,,12,25,214,1H84501NMD,,7,,Informática PH
1277,013410,14,1,1,Lizzie Cruz,12,25,214,1H84501NMP,,7,2025-07-22,Administración General (Maria Costable Pía)
1278,013411,14,1,1,Navid Solís,12,25,214,1H84501NMK,,1,2025-07-30,Oficina de informática
1279,013412,8,8,42,Sebastián Abrego,12,25,214,1H84501NM9,,7,2025-07-31,Entregado a Erick Díaz
1280,013413,14,1,2,Ceilin Batista,12,25,214,1H84501NM1,,7,,Oficina de informática
1281,013414,14,10,46,,12,25,214,1H84501NM5,,7,,
1282,013415,14,10,46,,13,25,11,CNC44137PQ,,7,,
1283,013416,14,6,27,,13,25,11,CNC44137PV,,7,,Informática PH
1284,013417,14,6,25,Liliani Samudio,13,25,11,CNC44137PS,,7,2025-07-04,Oficina de Informática
1285,013418,14,10,46,,13,25,11,CNC44137PM,,7,,
1286,013419,9,10,46,Arturo Ramos,13,25,11,CNC44137P9,,7,,Informática PH
1287,013420,11,6,33,,13,25,11,CNC44137PP,,7,,
1288,013422,14,4,8,María Abrego,25,25,223,8CN4490800,,7,,Informática PH
1289,013423,14,4,8,María Abrego,22,25,267,M27881-161,,7,,Informática PH
1290,013424,14,10,46,,25,25,223,8CN4490814,,7,,
1291,013425,14,10,46,,22,25,267,M27881-161,,7,,
1292,013426,14,12,53,Marisabel Vieto,25,25,223,8CN449083R,,7,2025-08-13,
1293,013427,14,12,53,Marisabel Vieto,22,25,267,M27881-161,,7,2025-08-13,
1294,013428,14,10,46,,25,25,223,8CN44907ZS,,7,,
1295,013429,14,10,46,,22,25,267,M27881-161,,7,,
1296,013430,14,11,47,Monica Herrera,25,25,223,8CN449083J,,7,2025-07-23,Informática
1297,013431,14,11,47,Monica Herrera,22,25,267,M27881-161,,7,2025-07-23,Informática
1298,013432,14,1,1,,22,25,120,7CH4254CWB,,7,,Informática PH
1299,013433,14,10,46,,22,25,120,7CH4269Q93,,7,,
1300,013434,14,4,13,,22,25,120,7CH4254CW9,,7,,Informática PH
1301,013435,14,6,27,,22,25,120,7CH4269Q90,,7,,Informática PH
1302,013436,14,2,5,Yacelyka Garzola,22,25,120,7CH4269Q92,,7,,Oficina de informática
1303,013437,14,5,21,Ana Castillo,22,25,120,7CH4269Q96,,7,2025-06-13,Informática
1304,013438,14,12,53,Eduardo Moreno,22,2,23,F0THAZOR4SA0000LXH,,7,,Informática PH
1305,013439,14,6,25,Julio Escobar,22,25,120,7CH4269Q91,,7,2025-07-04,Oficina de Informática
1306,013440,14,12,53,Fernando Fanilla,22,25,120,7CH4254CW8,,7,2025-07-07,
1307,013441,14,10,46,,22,25,120,7CH4254CWH,,7,,
1308,013442,14,10,46,,22,25,120,7CH4254CWC,,7,,
1309,013497,14,10,46,Disponible,22,11,70,MEG11024,,1,,Planificación - Elisa Centella
1310,013498,14,10,46,Disponible,22,11,70,MEG11024,,7,,
1311,013499,14,10,46,Disponible,22,11,70,MEG11024,,7,,
1312,013500,14,10,46,Disponible,22,11,70,MEG11024,,7,,
1313,013501,14,10,46,Disponible,22,11,70,MEG11024,,7,,
1314,013502,14,10,46,Disponible,22,11,70,MEG11024,,7,,
1315,013503,14,10,46,Disponible,22,11,70,MEG11024,,7,,
1316,013504,14,10,46,Disponible,22,11,70,MEG11024,,7,,
1317,013505,14,10,46,Disponible,22,11,70,MEG11024,,7,,
1318,013506,14,6,29,Albertina Bernal,22,11,70,MEG11024,,7,,
1319,013507,14,8,44,Elisa Centella,22,11,72,MEG11026,,7,,Oficina de informática
1320,013508,14,10,46,Disponible,22,11,71,MEG11025,,7,,
1321,013509,14,10,46,Disponible,22,11,70,MEG11024,,7,,
1322,013510,14,10,46,Disponible,22,11,70,MEG11024,,7,,
1323,013511,14,10,46,Disponible,22,11,70,MEG11024,,7,,
1324,013512,14,10,46,Disponible,22,11,70,MEG11024,,7,,
1325,013513,14,10,46,Disponible,22,11,70,MEG11024,,7,,
1326,013514,14,10,46,Disponible,22,11,70,MEG11024,,7,,
1327,013515,14,10,46,Disponible,22,11,70,MEG11024,,7,,
1328,013516,14,10,46,Disponible,22,11,70,MEG11024,,7,,
1329,013524,9,7,35,Recursos Humanos - Marianela Olivares,27,17,182,241232506087,,7,2025-07-23,Informática - Carrasquilla
1330,013531,14,13,55,,27,17,182,241232506106,,7,2025-07-14,Informática
1331,013532,14,10,46,,27,17,182,241232506105,,7,,
1332,013533,14,10,46,,27,17,182,241232506043,,7,,
1333,013534,14,10,46,,27,17,182,241232506042,,7,,
1334,013547,14,10,46,,27,17,182,241232506069,,7,,
1335,013548,14,6,26,,27,17,182,241232506071,,7,,Informática PH
1336,013567,14,10,46,,21,55,264,2236256000115,,7,,
1337,013568,14,10,46,,21,55,264,2236256000112,,7,,
1338,013569,14,10,46,,21,55,264,2236256000114,,7,,
1339,013659,14,10,46,Disponible,12,25,214,1H851927V6,,7,2025-08-07,
1340,013660,14,10,46,Disponible,12,25,214,1H851927TX,,7,2025-08-07,
1341,013661,14,10,46,Disponible,12,25,214,1H851927VB,,7,2025-08-07,
1342,013662,14,10,46,Disponible,12,25,214,1H851927SK,,7,2025-08-07,
1343,013663,14,10,46,Disponible,12,25,214,1H851927T5,,7,2025-08-07,
1344,013664,14,10,46,Disponible,12,25,214,1H851927RX,,7,2025-08-07,
1345,013665,14,10,46,Disponible,25,25,223,8CN52309FP,,7,2025-08-07,
1346,013666,14,10,46,Disponible,22,25,267,M27527-161,,7,2025-08-07,
1347,013667,14,10,46,Disponible,25,25,223,8CN52309G6,,7,2025-08-07,
1348,013668,14,10,46,Disponible,22,25,290,9CT51403NL,,7,2025-08-07,
1349,013669,14,10,46,Disponible,25,25,223,8CN52309F2,,7,2025-08-07,
1350,013670,14,10,46,Disponible,22,25,267,M27527-161,,7,2025-08-07,
1351,013671,14,10,46,Disponible,25,25,223,8CN52309FQ,,7,2025-08-07,
1352,013672,14,10,46,Disponible,22,25,267,M27527-161,,7,2025-08-07,
1353,DONACIÓN,11,6,33,,13,25,11,CNC44137PB,,7,,
1354,DONACIÓN,1,6,27,,13,25,153,3CQ9393FQC,,1,2025-05-02,
1355,DONACIÓN,14,4,12,,13,52,154,2055TVC-0840PE1459,,5,,
1356,DONACIÓN,14,4,12,,13,52,154,2055TVC-0840PE1486,,5,,
1357,DONACIÓN,14,4,12,,13,52,154,2055TVC-0840PE1542,,5,,
1358,DONACIÓN,14,1,2,Jefa,13,8,62,CN-04FF47-64180-48D-0CQI,,1,,
1359,DONACIÓN,14,1,2,Jefa,22,25,204,BAUVT0AHH0S4JC,,1,,
1360,DONACIÓN,14,1,2,Jefa,26,30,261,PC09UNLC,,1,,
1361,DONACIÓN,14,6,26,Aiby Quiros,26,30,261,PC09UNRX,,1,,
1362,DONACIÓN,14,6,26,Fabian Castillo,13,7,229,CNC017QL3X,,1,,
1363,DONACIÓN,14,6,26,Fabian Castillo,26,30,261,PC09UNTJ,,1,,
1364,DONACIÓN,14,4,12,,13,7,229,CN-0C2JMK-74445-034-AWAU,,6,2025-07-24,Bienes Patrimoniales - Irasema Mcfarlane
1365,DONACIÓN,14,6,26,Irasema Mcfarlane,26,30,261,PC09UNLU,,1,,
1366,DONACIÓN,14,6,26,Katherine Castillo,13,8,62,CN-04FF47-64180-35F-01UU,,1,,
1367,DONACIÓN,14,6,26,Katherine Castillo,26,30,261,PC09UNTS,,1,,8 GB
1368,DONACIÓN,14,6,26,Marta Julio,13,7,229,CNC117R33V,,1,,
1369,DONACIÓN,14,6,26,Marta Julio,26,30,261,PC09UNLY,,1,,
1370,DONACIÓN,14,4,12,,13,7,229,CNC008QQSJ,,6,2025-07-24,Bienes Patrimoniales - Queribe Camaño
1371,DONACIÓN,14,6,26,Querube Camaño,13,8,62,CN-04FF47-64180-48C-1W6I,,1,,
1372,DONACIÓN,14,6,26,Querube Camaño,26,30,261,PC09UNQ2,,1,,
1373,DONACIÓN,14,6,30,,13,8,62,CN-04FF47-64180-48C-1UXI,,1,,Informática PH
1374,DONACIÓN,14,6,30,,26,30,261,PC09UNR9,,1,,Informática PH
1375,DONACIÓN,14,6,32,,13,8,62,CN-04FF47-64180-48C-1VTI,,1,,Informática PH
1376,DONACIÓN,14,6,32,,22,30,245,01480526,,1,,Informática PH
1377,DONACIÓN,14,6,32,,26,30,261,PC09UNYS,,1,,Informática PH
1378,DONACIÓN,14,6,28,Eny Castillo,13,8,201,CN-0C2JMK-74445-055-656S,,1,,
1379,DONACIÓN,14,6,28,Eny Castillo,22,8,243,CN-0C639N-71616-467-0O0Y-A00,,1,,
1380,DONACIÓN,14,6,28,Eny Castillo,26,30,261,PC09UNRR,,1,,
1381,DONACIÓN,14,6,33,,22,8,243,CN-0C639N-71616-29J-0I42-A00,,1,,Informática PH
1382,DONACIÓN,14,6,33,,26,30,261,PC09UNY4,,1,,Informática PH
1383,DONACIÓN,14,10,46,,13,7,229,CNC016R558,,1,,
1384,DONACIÓN,14,10,46,,13,7,229,CNC017QK49,,1,,
1385,DONACIÓN,14,10,46,,13,7,229,CNC017QL4X,,1,,
1386,DONACIÓN,14,10,46,,13,7,229,CNC017QL6C,,1,,
1387,DONACIÓN,14,10,46,,13,7,229,CNC038NRC6,,1,,
1388,DONACIÓN,14,10,46,,13,7,229,CNC117R33N,,1,,
1389,DONACIÓN,14,10,46,,13,7,229,CNC117R33T,,1,,
1390,DONACIÓN,14,10,46,,13,7,229,CNC117R5R1,,1,,
1391,DONACIÓN,14,10,46,,13,7,229,CNC118S08D,,1,,
1392,DONACIÓN,14,10,46,,13,8,8,CN-0X876H-72872-954-1YPL,,1,,
1393,DONACIÓN,14,10,46,,13,8,59,CN-0U072N-64180-02S-0HRU,,1,,
1394,DONACIÓN,14,10,46,,13,8,59,CN-0U072N-64180-02S-0KCU,,1,,
1395,DONACIÓN,14,10,46,,13,8,59,CN-0U072N-64180-95V-1JAL,,1,,
1396,DONACIÓN,14,10,46,,13,8,59,CN-0U072N-64180-96T-0YNL,,1,,
1397,DONACIÓN,14,10,46,,13,8,60,CN-0RY979-74261-79P-82RL,,1,,
1398,DONACIÓN,14,10,46,,13,8,61,CN-0X6M0J-72872-25U-A9UL,,1,,
1399,DONACIÓN,14,10,46,,13,8,62,CN-04FF47-64180-47T-125U,,1,,
1400,DONACIÓN,14,10,46,,13,8,62,CN-04FF47-64180-48C-1UYI,,1,,
1401,DONACIÓN,14,10,46,,13,8,62,CN-04FF47-64180-48C-1VMI,,1,,
1402,DONACIÓN,14,10,46,,13,8,62,CN-04FF47-64180-48D-0BYI,,1,,
1403,DONACIÓN,14,10,46,,13,8,62,CN-04FF47-64180-48D-0D6I,,1,,
1404,DONACIÓN,14,10,46,,13,8,62,CN-0U072N-64180-95V-1JAL,,1,,
1405,DONACIÓN,14,10,46,,13,8,201,CN-0C2JMK-74445-034-AVGU,,1,,
1406,DONACIÓN,14,10,46,,13,25,152,CNC734R0WN,,1,,
1407,DONACIÓN,14,10,46,,13,25,152,CNC739NQ53,,1,,
1408,DONACIÓN,14,10,46,,13,25,153,CNC928PHYZ,,1,,
1409,DONACIÓN,14,10,46,,13,25,162,3CQ9400PCP,,1,,
1410,DONACIÓN,14,8,44,,13,25,164,3CQ126BR8B,,1,2025-06-04,
1411,DONACIÓN,14,10,46,,22,8,242,CN-0DJ415-71616-031-028V,,1,,
1412,DONACIÓN,14,10,46,,22,8,242,CN-0DJ415-71616-031-03TM,,1,,
1413,DONACIÓN,14,10,46,,22,8,242,CN-0DJ415-71616-031-08EX,,1,,
1414,DONACIÓN,14,10,46,,22,8,242,CN-0DJ415-71616-795-094A,,1,,
1415,DONACIÓN,14,10,46,,22,8,242,CN-0DJ415-71616-7A5-05IJ,,1,,
1416,DONACIÓN,14,10,46,,22,8,243,CN-0C639N-71616-37A-OGL1-A00,,1,,
1417,DONACIÓN,14,10,46,,22,8,243,CN-0C639N-71616-38C-ON2I-A00,,1,,
1418,DONACIÓN,14,10,46,,22,8,243,CN-0C639N-71616-456-OVPY-A00,,1,,
1419,DONACIÓN,14,10,46,,22,8,243,CN-0C639N-71616-467-0JD0-A00,,1,,
1420,DONACIÓN,14,10,46,,22,8,243,CN-0C639N-71616-467-0N3R-A00,,1,,
1421,DONACIÓN,14,10,46,,22,8,243,CN-0C639N-71616--467-0O4U-A00,,1,,
1422,DONACIÓN,14,10,46,,22,8,243,CN-0C639N-71616-467-0OOR-A00,,1,,
1423,DONACIÓN,14,10,46,,22,8,243,CN-0C639N-71616-467-0PIC-A00,,1,,
1424,DONACIÓN,14,10,46,,22,8,243,CN-0C639N-71616-467-0PJS-A00,,1,,
1425,DONACIÓN,14,10,46,,22,8,243,CN-0C639N-71616-467-0R8J-A00,,1,,
1426,DONACIÓN,14,10,46,,22,8,243,CN-0C639N-71616-467-OPHM-A00,,1,,
1427,DONACIÓN,14,10,46,,22,8,243,CN-0C639N-71616-467-OPIV-A00,,1,,
1428,DONACIÓN,14,10,46,,22,8,243,CN-0C639N-71616-467-OPJ9-A00,,1,,
1429,DONACIÓN,14,10,46,,22,8,243,S/S,,1,,
1430,DONACIÓN,14,10,46,,22,25,204,BAUVT0AHH0Q3SC,,1,,
1431,DONACIÓN,14,8,44,,22,25,204,BAUVT0AHH0Q79H,,1,2025-06-04,
1432,DONACIÓN,14,10,46,,22,25,204,BAUVT0AHH0S35Q,,1,,
1433,DONACIÓN,14,10,46,,22,25,204,BAUVT0AHH0S4C0,,1,,
1434,DONACIÓN,14,10,46,,22,25,204,S/S,,1,,
1435,DONACIÓN,14,10,46,,22,30,146,9682222,,1,,
1436,DONACIÓN,14,10,46,,22,30,146,9682327,,1,,
1437,DONACIÓN,14,10,46,,22,30,146,9682351,,1,,
1438,DONACIÓN,14,10,46,,22,30,146,9682356,,1,,
1439,DONACIÓN,14,10,46,,22,30,146,9690590,,1,,
1440,DONACIÓN,14,10,46,,22,30,146,9690776,,1,,
1441,DONACIÓN,14,10,46,,22,30,146,9690777,,1,,
1442,DONACIÓN,14,10,46,,22,30,146,S/S,,1,,
1443,DONACIÓN,14,10,46,,22,30,245,01480287,,1,,
1444,DONACIÓN,14,10,46,,22,30,245,01480525,,1,,
1445,DONACIÓN,14,10,46,,22,30,245,01794293,,1,,
1446,DONACIÓN,14,10,46,,22,30,245,01794302,,1,,
1447,DONACIÓN,14,10,46,,22,30,245,01796157,,1,,
1448,DONACIÓN,14,10,46,,22,30,245,01796162,,1,,
1449,DONACIÓN,14,10,46,,26,8,191,00186-737-883-117,,1,,
1450,DONACIÓN,14,10,46,,26,8,191,00186-737-883-119,,1,,
1451,DONACIÓN,14,10,46,,26,30,261,PC09UNLD,,1,,
1452,DONACIÓN,14,10,46,,26,30,261,PC09UNLZ,,1,,
1453,DONACIÓN,14,10,46,,26,30,261,PC09UNMH,,1,,
1454,DONACIÓN,14,10,46,,26,30,261,PC09UNMM,,1,,
1455,DONACIÓN,14,10,46,,26,30,261,PC09UNNW,,1,,
1456,DONACIÓN,14,10,46,,26,30,261,PC09UNPN,,1,,
1457,DONACIÓN,14,10,46,,26,30,261,PC09UNPS,,1,,
1458,DONACIÓN,14,10,46,,26,30,261,PC09UNQ8,,1,,
1459,DONACIÓN,14,10,46,,26,30,261,PC09UNQB,,1,,
1460,DONACIÓN,14,10,46,,26,30,261,PC09UNQH,,1,,
1461,DONACIÓN,14,10,46,,26,30,261,PC09UNQN,,1,,
1462,DONACIÓN,14,10,46,,26,30,261,PC09UNQP,,1,,
1463,DONACIÓN,14,8,44,,26,30,261,PC09UNQY,,1,2025-06-04,
1464,DONACIÓN,14,10,46,,26,30,261,PC09UNR1,,1,,
1465,DONACIÓN,14,10,46,,26,30,261,PC09UNRB,,1,,
1466,DONACIÓN,14,10,46,,26,30,261,PC09UNSC,,1,,
1467,DONACIÓN,14,10,46,,26,30,261,PC09UNST,,1,,
1468,DONACIÓN,14,10,46,,26,30,261,PC09UNT1,,1,,
1469,DONACIÓN,14,10,46,,26,30,261,PC09UNTC,,1,,
1470,DONACIÓN,14,10,46,,26,30,261,PC09UNU5,,1,,
1471,DONACIÓN,14,10,46,,26,30,261,PC09UNV1,,1,,
1472,DONACIÓN,14,10,46,,26,30,261,PC09UNVJ,,1,,
1473,DONACIÓN,14,10,46,,26,30,261,PC09UNW4,,1,,
1474,DONACIÓN,14,10,46,,26,30,261,PC09UNWF,,1,,
1475,DONACIÓN,14,10,46,,26,30,261,PC09UNY2,,1,,
1476,DONACIÓN,14,10,46,,26,30,261,PC09UNZ7,,1,,
1477,DONACIÓN,14,11,52,,22,8,243,CN-0C639N-71616-467-OPJR-A00,,1,,Informática PH
1478,DONACIÓN,14,11,52,,26,30,261,PC09UNS6,,1,,Infomática PH
1479,DONACIÓN,14,12,53,,26,30,261,PC09UNV2,,1,,Informática PH
1480,DONACIÓN,14,12,53,Roger Jimenez,13,8,58,CN-0N445N-74261-03T-32MC,,1,,
1481,DONACIÓN,14,12,53,Roger Jimenez,22,25,204,BAUVT0AHH0S4AE,,1,,
1482,DONACIÓN,14,12,53,Roger Jimenez,26,25,75,MXL7371YMF,,1,,
1483,DONACIÓN,14,12,53,Liliana Tuñon,13,8,61,CN-0X6M0J-72872-25U-A8WL,,1,,
1484,DONACIÓN,14,12,53,Liliana Tuñon,22,30,150,01480300,,1,,
1485,DONACIÓN,14,12,53,Liliana Tuñon,26,30,261,PC09UNWG,,1,,
1486,DONACIÓN,14,12,53,Aura Harry,13,30,169,V451799,,1,,
1487,DONACIÓN,14,12,53,Aura Harry,26,30,261,PC09UNY7,,1,,
1488,DONACIÓN,14,8,44,Elisa Centella,13,8,62,CN-04FF47-64180-48C-1W0I,,1,,
1489,DONACIÓN,14,8,44,Elisa Centella,26,30,261,PC09UNQV,,1,,
1490,DONACIÓN,12,1,4,,13,8,61,CN-0X6M0J-72872-25U-E7CS,,1,,Informática PH
1491,DONACIÓN,12,1,4,,13,8,62,CN-04FF47-64180-48D-0AFI,,1,,Informática PH
1492,DONACIÓN,12,1,4,,13,8,62,CN-04FF47-64180-48D-0CBI,,1,,Informática PH
1493,DONACIÓN,12,1,4,,22,30,146,4370960,,1,,Informática PH
1494,DONACIÓN,12,1,4,,22,30,146,9690758,,1,,Informática PH
1495,DONACIÓN,12,1,4,,22,30,245,01794332,,1,,Informática PH
1496,DONACIÓN,12,1,4,,26,30,261,PC09UNLT,,1,,Informática PH
1497,DONACIÓN,12,1,4,,26,30,261,PC09UNNG,,1,,Informática PH
1498,DONACIÓN,12,1,4,,26,30,261,PC09UNUY,,1,,Informática PH
1499,DONACIÓN,12,1,4,,13,7,229,CNC118S20K,,1,,
1500,DONACIÓN,12,1,4,,22,30,146,9685788,,1,,
1501,DONACIÓN,12,1,4,,26,30,261,PC09UNT0,,1,,
1502,DONACIÓN,4,6,27,,26,30,261,PC09UNT7,,1,,Informática PH
1503,S/M,7,5,22,,21,10,52,QK031AB000102,,1,,
1504,S/M,7,5,22,,21,19,84,S/S,,1,,
1505,S/M,7,6,27,,22,25,204,S/S,,1,,
1506,S/M,9,4,12,,22,42,84,PWC-1200PRO,,1,,
1507,S/M,9,4,10,,10,31,180,701942540NCFY,,2,,
1508,S/M,9,4,10,,25,25,40,MXL30911BJ,,1,,
1509,S/M,9,4,11,,22,25,241,BEXJL0BCP5335,,1,,
1510,S/M,9,4,15,,7,19,84,S/S,,1,,
1511,S/M,9,4,15,,21,19,84,S/S,,1,,
1512,S/M,9,4,14,,22,19,84,S/S,,1,,
1513,S/M,9,4,14,,27,1,31,4B1511P389368,,1,,
1514,S/M,9,4,17,,22,19,84,S/S,,1,,
1515,S/M,9,7,35,,7,19,84,S/S,,1,,
1516,S/M,9,7,35,,21,19,84,S/S,,1,,
1517,S/M,9,7,35,,22,19,84,S/S,,1,,
1518,S/M,9,7,35,,22,25,148,BDMHEOC5Y6169H,,1,,
1519,S/M,9,11,49,,7,19,84,S/S,,1,,
1520,S/M,9,11,49,,21,19,84,S/S,,1,,
1521,S/M,9,11,49,,27,19,84,S/S,,1,,
1522,S/M,9,11,47,,25,8,196,CNOGDHFD744316K0071A00,,1,,
1523,S/M,9,12,54,,12,8,275,JVTJL1,,1,,
1524,S/M,9,12,54,,22,19,84,S/S,,1,,
1525,S/M,11,6,33,,22,25,121,C1N20101RA,,1,,
1526,S/M,11,6,33,,22,25,121,C1N20101RC,,1,,
1527,S/M,11,6,33,,22,25,266,BJRNH2A,,1,,
1528,S/M,11,11,47,,22,19,84,S/S,,1,,
1529,S/M,1,6,27,,23,43,281,48256715A0BD,,1,,
1530,S/M,2,6,27,,21,55,265,222C9Q3001008,,1,,
1531,S/M,6,7,37,,23,21,10,20EZ41MM706280A5,,1,,
1532,S/M,14,1,1,,15,4,84,S/S,,1,,
1533,S/M,14,1,1,,22,35,282,021624072JT2131,,1,,
1534,S/M,14,1,2,Ceilin Batista,23,6,43,FCH1429BL1H,,1,,Oficina de informática
1535,S/M,14,1,2,,22,34,285,1533SY00KLN8,,1,,
1536,S/M,14,1,3,,7,19,84,S/S,,1,,
1537,S/M,14,1,3,,7,19,228,S/S,,1,,
1538,S/M,14,1,3,,21,19,84,S/S,,1,,
1539,S/M,14,5,23,,22,28,145,INC2300311751,,1,,Altamira
1540,S/M,14,4,8,,24,40,84,S/S,,1,,
1541,S/M,14,6,27,,23,20,114,XE1808902528,,1,,
1542,S/M,14,6,32,,6,6,26,FCW2047N14,,1,,
1543,S/M,14,10,46,,4,8,51,S/S,,2,,
1544,S/M,14,10,46,,8,53,124,12306112080021,,2,,
1545,S/M,14,10,46,,16,14,66,35631564103958,,1,,
1546,S/M,14,10,46,,20,6,272,QCI1438A687,,1,,
1547,S/M,14,10,46,,20,6,272,QCI1534AG53,,1,,
1548,S/M,14,10,46,,20,6,272,QCI1535A01B,,1,,
1549,S/M,14,10,46,,20,25,216,S/S,,1,,
1550,S/M,14,10,46,,22,36,131,0065816992915,,1,,24 de diciembre
1551,S/M,14,10,46,,27,50,84,S/S,,1,,
1552,S/M,14,11,52,,14,28,84,S/S,,1,,
1553,S/M,14,11,52,,15,45,84,S/S,,1,,
1554,S/M,14,11,52,,21,37,84,S/S,,1,,
1555,S/M,14,11,50,,25,25,223,8CN34207Q8,,1,,
1556,S/M,14,12,53,,2,2,129,FGRICWVGQ2,,7,,
1557,S/M,14,12,53,,21,19,84,S/S,,1,,
1558,S/M,14,13,55,,22,34,84,S/S,,1,,
1559,S/M,14,8,44,,22,8,140,019M93,,1,,
1560,S/M,14,8,42,,27,1,31,4B1503B08053,,1,,
1561,S/M,12,7,39,,27,56,250,2711AVHSM879401577,,2,,
1562,S/M,4,6,27,,21,10,54,PL27288045831,,1,,
1563,S/M,5,6,27,,21,10,53,QS012B4008515,,1,,
1564,S/M,5,6,27,,22,39,83,S/S,,1,,
1565,S/M,5,6,27,,23,43,281,48256715A038,,1,,
